filename;caption
1028205764_7e8df9a2ea.jpg;A man and a baby are in a yellow kayak on water .
1028205764_7e8df9a2ea.jpg;A man and a little boy in blue life jackets are rowing a yellow canoe .
1028205764_7e8df9a2ea.jpg;A man and child kayak through gentle waters .
1028205764_7e8df9a2ea.jpg;A man and young boy ride in a yellow kayak .
1028205764_7e8df9a2ea.jpg;Man and child in yellow kayak
1042590306_95dea0916c.jpg;A man and woman pose for the camera while another man looks on .
1042590306_95dea0916c.jpg;A man is holding the hand of a woman up to his mouth in front of some buildings while another man looks on .
1042590306_95dea0916c.jpg;A multiracial couple posing for a picture
1042590306_95dea0916c.jpg;Asian man and blond woman holding hands outdoors , man in background watches .
1042590306_95dea0916c.jpg;Guy in blue shirt biting hand of girl in black striped jacket while another guy watches
105342180_4d4a40b47f.jpg;A girl paddling down a large river , as seen from behind her .
105342180_4d4a40b47f.jpg;A woman kayaking down a river .
105342180_4d4a40b47f.jpg;A woman paddles a boat down a river .
105342180_4d4a40b47f.jpg;A woman with a paddle .
105342180_4d4a40b47f.jpg;A woman with a paddle sits in a boat on the water .
1084040636_97d9633581.jpg;A closeup of a white dog that is laying its head on its paws .
1084040636_97d9633581.jpg;a large white dog lying on the floor .
1084040636_97d9633581.jpg;A white dog has its head on the ground .
1084040636_97d9633581.jpg;A white dog is resting its head on a tiled floor with its eyes open .
1084040636_97d9633581.jpg;A white dog rests its head on the patio bricks .
109823397_e35154645f.jpg;A man jumps gin the air while riding an ATV
109823397_e35154645f.jpg;A man on a four-wheeler jumps near a small building .
109823397_e35154645f.jpg;An ATV is airborne over a field in front of a white structure .
109823397_e35154645f.jpg;A person dressed in a tan jacket jumps a quad over a harvested cornfield in front of a small out building .
109823397_e35154645f.jpg;Man on four wheeler in the air .
1104133405_c04a00707f.jpg;A boy carrying a soccer ball .
1104133405_c04a00707f.jpg;A boy walks with a ball tucked under his arm .
1104133405_c04a00707f.jpg;A boy walks with a soccer ball near a fence .
1104133405_c04a00707f.jpg;A boy wearing a white t-shirt walks on the grass and carries a soccer ball .
1104133405_c04a00707f.jpg;Small boy carries a soccer ball on a field .
1112212364_0c48235fc2.jpg;A baby is sitting on and playing with smooth rocks .
1112212364_0c48235fc2.jpg;A baby is stacking rocks on the beach .
1112212364_0c48235fc2.jpg;A small boy is playing with rocks
1112212364_0c48235fc2.jpg;A toddler sitting on a pile of rocks holding a rock at a beach .
1112212364_0c48235fc2.jpg;Toddler sits on a pile of rocks .
1141739219_2c47195e4c.jpg;A family gathered at a painted van
1141739219_2c47195e4c.jpg;A girl climbing down from the side of a bright blue truck while others watch .
1141739219_2c47195e4c.jpg;A man is helping a girl step down from a colorful truck whilst a woman and three children watch .
1141739219_2c47195e4c.jpg;A very colorful bus is pulled off to the side of the road as its passengers load .
1141739219_2c47195e4c.jpg;Two women and four children standing next to a brightly painted truck .
1174629344_a2e1a2bdbf.jpg;A crowd of people walk down a busy sidewalk .
1174629344_a2e1a2bdbf.jpg;A group of different people are walking in all different directions in a city .
1174629344_a2e1a2bdbf.jpg;A group of people walking a city street in warm weather .
1174629344_a2e1a2bdbf.jpg;Busy intersection in the summer time in a city
1174629344_a2e1a2bdbf.jpg;People in summer clothes are walking on the sidewalk of a large city .
1262454669_f1caafec2d.jpg;A girl in a white shirt is sitting on a park bench with a dog next to her .
1262454669_f1caafec2d.jpg;A woman eats on a bench while a brown and white leashed dog stands next to her .
1262454669_f1caafec2d.jpg;a woman is sitting on a bench with a latte in her lap and a white dog on a blue leash to her side .
1262454669_f1caafec2d.jpg;A woman sits on a bench at the park with her dog in front of her .
1262454669_f1caafec2d.jpg;Woman sitting on bench and holding the leash of a large white and brown dog .
1273001772_1585562051.jpg;About 12 kids and a few adults get splashed by an off camera source .
1273001772_1585562051.jpg;A group of children are in a water fountain .
1273001772_1585562051.jpg;A group of children standing in a shallow pool of water .
1273001772_1585562051.jpg;A group of young kids play in the water on a sunny day .
1273001772_1585562051.jpg;Children and adults play with a sprinkler .
127490019_7c5c08cb11.jpg;A girl is getting ready to swing the club .
127490019_7c5c08cb11.jpg;A woman in shorts and a blue sleeveless shirt leans over a golf club .
127490019_7c5c08cb11.jpg;A woman is taking a swing with a golf club .
127490019_7c5c08cb11.jpg;A woman wearing a blue shirt and hat with khaki shorts plays golf .
127490019_7c5c08cb11.jpg;A woman wearing blue begins a golf swing .
12830823_87d2654e31.jpg;Children sit and watch the fish moving in the pond
12830823_87d2654e31.jpg;people stare at the orange fish .
12830823_87d2654e31.jpg;Several people are standing near a fish pond .
12830823_87d2654e31.jpg;Some children watching fish in a pool .
12830823_87d2654e31.jpg;There are several people and children looking into water with a blue tiled floor and goldfish .
1289142574_2bd6a082dd.jpg;A boy jumps from one picnic table to another .
1289142574_2bd6a082dd.jpg;A boy jumps from one table to another at a park .
1289142574_2bd6a082dd.jpg;A child is walking from one picnic table to another .
1289142574_2bd6a082dd.jpg;A young boy is running on picnic tables at a park .
1289142574_2bd6a082dd.jpg;The boy hops from one picnic table to the other in the park .
1299459562_ed0e064aee.jpg;Three boys in baggy bathing suits play in splashing water in front a of grey , block wall .
1299459562_ed0e064aee.jpg;three boys in size order getting wet next to a wall
1299459562_ed0e064aee.jpg;Three boys play in a spray of water .
1299459562_ed0e064aee.jpg;Three boys playing in some water .
1299459562_ed0e064aee.jpg;Three shirtless boys are playing in the water .
1346051107_9cdc14e070.jpg;A man is playing a saxophone next to a fire hydrant .
1346051107_9cdc14e070.jpg;A man plays saxophone next to a yellow fire hydrant .
1346051107_9cdc14e070.jpg;A man stands by a wall playing a saxophone .
1346051107_9cdc14e070.jpg;Man playing musical instrument standing beside a yellow and red fire hydrant
1346051107_9cdc14e070.jpg;The man is standing next to a fire hydrant and playing a saxophone .
1347519824_e402241e4f.jpg;A few girls with green foam statue of liberty hats on a train
1347519824_e402241e4f.jpg;Some young adults are wearing green foam statute of liberty crowns .
1347519824_e402241e4f.jpg;Some young people take photos of each other while in New York .
1347519824_e402241e4f.jpg;Three woman with statue of liberty hats and taking a picture .
1347519824_e402241e4f.jpg;Two woman wearing statue of liberty hats get their picture taken in a subway .
1348113612_5bfc5f429e.jpg;A black and white dog jumping into a pool after tennis balls .
1348113612_5bfc5f429e.jpg;a black and white dog jumping into a pool with a lot of tennis balls in it .
1348113612_5bfc5f429e.jpg;A black dog jumps into a pool that has many yellow balls in it .
1348113612_5bfc5f429e.jpg;A dog jumps into a swimming pool to retrieve some floating tennis balls .
1348113612_5bfc5f429e.jpg;A dog swims in a pool .
1355703632_5683a4b6fb.jpg;A female softball player making a pitch .
1355703632_5683a4b6fb.jpg;A girl is winding up to throw a softball .
1355703632_5683a4b6fb.jpg;A teenage girl is catching a softball during a game .
1355703632_5683a4b6fb.jpg;Kids playing softball .
1355703632_5683a4b6fb.jpg;Young girl playing softball with white house in background
1363924449_487f0733df.jpg;A boy holds his hands on his head .
1363924449_487f0733df.jpg;A child with his hands on his head .
1363924449_487f0733df.jpg;A little boy in a striped shirt has his hands on his head .
1363924449_487f0733df.jpg;A little boy stands with his hands on top of his head
1363924449_487f0733df.jpg;The blond boy wearing a striped shirt is walking through the grass .
136644885_f7d2bbf546.jpg;A group of people walking across a rope bridge .
136644885_f7d2bbf546.jpg;A woman is crossing a rope bridge .
136644885_f7d2bbf546.jpg;A woman is crossing a rope bridge in the trees with other people waiting at one end .
136644885_f7d2bbf546.jpg;A woman wearing a white shirt and jeans crosses a rope bridge in a wooded area .
136644885_f7d2bbf546.jpg;three people are crossing a rope bridge hung between pine trees .
1400424834_1c76e700c4.jpg;A lady dressed in shades of black waits on the sidewalk for a train .
1400424834_1c76e700c4.jpg;A skinny girl in large boots is standing by the roadside .
1400424834_1c76e700c4.jpg;A tall , thin , brunette girl wearing combat boots standing on a sidewalk .
1400424834_1c76e700c4.jpg;A woman standing by a wire fence on a sidewalk .
1400424834_1c76e700c4.jpg;Woman in zebra print top and tight jeans standing on a curb .
1420060118_aed262d606.jpg;A child dressed as a ninja is jumping through the air under a large tree .
1420060118_aed262d606.jpg;A child in a ninja outfit does a jumping kick .
1420060118_aed262d606.jpg;A man wearing a martial arts uniform is jumping through the air .
1420060118_aed262d606.jpg;A person with a black and red outfit and a black hood is up in the air .
1420060118_aed262d606.jpg;a young ninja jumps into the air .
1433142189_cda8652603.jpg;A hiker is walking a treeless path up a hill .
1433142189_cda8652603.jpg;A man is backpacking up a grassy hill .
1433142189_cda8652603.jpg;A man with a big backpack is walking through a grass trail up a hill .
1433142189_cda8652603.jpg;Person hiking up a grassy trail toward a large hill .
1433142189_cda8652603.jpg;The hiker is following a trail uphill .
1434607942_da5432c28c.jpg;A child rides on a man 's shoulders .
1434607942_da5432c28c.jpg;A child wearing a red jacket is sitting on the man 's shoulders .
1434607942_da5432c28c.jpg;A man carrying a girl on his shoulders .
1434607942_da5432c28c.jpg;A small child in a red jacket is sitting on a man 's shoulders and holding his head .
1434607942_da5432c28c.jpg;A white man with carrying hair and a beard with a child on his shoulders .
143688283_a96ded20f1.jpg;a man in a harness climbing a rock wall
143688283_a96ded20f1.jpg;A man with a white shirt and helmet is climbing a mountain .
143688283_a96ded20f1.jpg;A man in a white shirt and helmet is using climbing equipment .
143688283_a96ded20f1.jpg;a young man wearing a white helmet climbing up a rock wall
143688283_a96ded20f1.jpg;Man rock climbing looking up the rock
1445754124_647168f211.jpg;A black and white dog climbs a leaning tree trunk .
1445754124_647168f211.jpg;A black and white dog is walking up a bent tree .
1445754124_647168f211.jpg;A gray dog climbs up a slanted tree .
1445754124_647168f211.jpg;A gray dog is climbing up a low tree branch in a park .
1445754124_647168f211.jpg;A gray mottled dog stands on the sloping trunk of a tree overlooking a grassy field .
1456393634_74022d9056.jpg;A boy doing a handstand on the beach .
1456393634_74022d9056.jpg;A child does a handstand on the sand at the beach .
1456393634_74022d9056.jpg;A child doing a handstand on the beach .
1456393634_74022d9056.jpg;A little boy does a cartwheel on the beach .
1456393634_74022d9056.jpg;A little boy doing a handstand on the beach .
1457762320_7fe121b285.jpg;A group of bicyclists getting ready for a ride .
1457762320_7fe121b285.jpg;A group of cyclists is pausing nearby a green and tan sign .
1457762320_7fe121b285.jpg;A group of men are standing around and drinking water with their bikes .
1457762320_7fe121b285.jpg;A group of men chat and drink water from water bottles while standing by their bicycles .
1457762320_7fe121b285.jpg;Men in athletic clothing stand near bicycles .
1461667284_041c8a2475.jpg;A guitarist plays while people play with hula-hoops in the background .
1461667284_041c8a2475.jpg;A guitarist sits playing before microphones , while a man and a boy dance and a woman stands by .
1461667284_041c8a2475.jpg;A man in a white hat plays guitar on a stage .
1461667284_041c8a2475.jpg;A man plays guitar on a stage while another woman smiles
1461667284_041c8a2475.jpg;Four people performing music outdoors .
146577646_9e64b8c2dc.jpg;A kayaker is battling waves in a purple boat while wearing rain gear .
146577646_9e64b8c2dc.jpg;A man is paddling in whitewater rapids .
146577646_9e64b8c2dc.jpg;A man kayaks in rough water .
146577646_9e64b8c2dc.jpg;Man in a kayak swimming in rough waters .
146577646_9e64b8c2dc.jpg;Person kayaking in white water .
1472230829_803818a383.jpg;A group of people in a boat , white water rafting .
1472230829_803818a383.jpg;A group of seven people are rafting in the rapids in a green boat .
1472230829_803818a383.jpg;Rafting boat on river .
1472230829_803818a383.jpg;seven people are riding a green raft in a white water river .
1472230829_803818a383.jpg;Seven rafters are paddling and riding the rapids in a green raft .
1479124077_17dcc0d5d7.jpg;A barefoot boy in shorts and a t-shirt jumps in muddy grass .
1479124077_17dcc0d5d7.jpg;A child plays in the mud .
1479124077_17dcc0d5d7.jpg;A muddy child jumps into more mud on the ground .
1479124077_17dcc0d5d7.jpg;a wet boy jumping around on dirty wet grass
1479124077_17dcc0d5d7.jpg;Young boy covered in grass jumping near a wooden fence .
1481062342_d9e34366c4.jpg;A little girl in pajamas runs down a hall with hardwood floors .
1481062342_d9e34366c4.jpg;A little girl is running down a hardwood floored hallway .
1481062342_d9e34366c4.jpg;A little girl running down a brighly lit hallway .
1481062342_d9e34366c4.jpg;A toddler is running down a hallway .
1481062342_d9e34366c4.jpg;A young girl runs down a hallway with wooden floors .
148512773_bae6901fd6.jpg;A couple enjoys a quiet moment near the river .
148512773_bae6901fd6.jpg;A few people sit out on rocks overlooking the water below .
148512773_bae6901fd6.jpg;Two people are sitting on a rock overlooking the river .
148512773_bae6901fd6.jpg;Two people sit on top of a cliff overlooking a river .
148512773_bae6901fd6.jpg;Two people sit upon large rocks next to a river .
1505686764_9e3bcd854a.jpg;a man in red shorts is walking along rocks by a river carrying a stick .
1505686764_9e3bcd854a.jpg;A man in red shorts standing on rocks by a stream
1505686764_9e3bcd854a.jpg;A man is walking on rocks with water flowing around them .
1505686764_9e3bcd854a.jpg;A shirtless man standing on the edge of a stream .
1505686764_9e3bcd854a.jpg;The hiker nears a creek .
1541272333_1624b22546.jpg;A brown dog brings up some dust as he runs around a field .
1541272333_1624b22546.jpg;A dog and a dust storm .
1541272333_1624b22546.jpg;A dog and sand blowing in the wind
1541272333_1624b22546.jpg;A dog in a sandy area with the sand stirred up into the air and several plants in the background .
1541272333_1624b22546.jpg;Dog kicking up dirt
1598085252_f3219b6140.jpg;A dog in a field .
1598085252_f3219b6140.jpg;A dog is resting in a grassy field
1598085252_f3219b6140.jpg;A dog runs through tall grass .
1598085252_f3219b6140.jpg;Dog running after another dog in a grassy field .
1598085252_f3219b6140.jpg;The Doberman is running through the tall grass .
172097783_292c5413d8.jpg;A boy is wakeboarding on a lake with one hand .
172097783_292c5413d8.jpg;A man wearing a red life jacket is water-skiing across a bay .
172097783_292c5413d8.jpg;A surfer in blue shorts surfs over water .
172097783_292c5413d8.jpg;A young man dressed in blue swimming trunks and a red life jacket waterskiing in a blue lake .
172097783_292c5413d8.jpg;Boy in red vest and blue and white trunks on wakeboard .
1785138090_76a56aaabc.jpg;A female walking wearing a string bikini towards a man in a striped shirt .
1785138090_76a56aaabc.jpg;A woman in a skimpy bathing suit walks away .
1785138090_76a56aaabc.jpg;A woman in a swimsuit walks along the street next to three trees .
1785138090_76a56aaabc.jpg;A woman wearing a skimpy bathing suit is walking with a towel in a parking lot .
1785138090_76a56aaabc.jpg;Three big trees and the back side of a girl in bikini .
1794818900_e0ffdd268e.jpg;A girl plays on a red toy .
1794818900_e0ffdd268e.jpg;A little girl in a blue coat is rocking on a red playground toy .
1794818900_e0ffdd268e.jpg;A little girl is playing on a toy outdoors .
1794818900_e0ffdd268e.jpg;A little girl is riding a toy tricycle on springs .
1794818900_e0ffdd268e.jpg;The girl wearing a blue coat is standing on the wooden rocking toy in the playground .
1807169176_7f5226bf5a.jpg;A group of people sit around a blazing fire at night .
1807169176_7f5226bf5a.jpg;A large campfire at night with several people sitting around it .
1807169176_7f5226bf5a.jpg;People are clustered around a bonfire at night .
1807169176_7f5226bf5a.jpg;People sitting around a campfire at night .
1807169176_7f5226bf5a.jpg;Several people are sitting around a fire at night .
1810651611_35aae644fb.jpg;A closeup of a little girl on a swing .
1810651611_35aae644fb.jpg;A little girl in a dress with pink flowers swings on a red-seated swing .
1810651611_35aae644fb.jpg;A little girl in a pink and white flowered dress and blue sweater swinging .
1810651611_35aae644fb.jpg;A young girl is swinging in a backyard .
1810651611_35aae644fb.jpg;The little girl swings in the backyard .
1813777902_07d1d4b00c.jpg;a boy dressed as a pirate smiles largley .
1813777902_07d1d4b00c.jpg;A boy with a skeleton on his shirt laughs .
1813777902_07d1d4b00c.jpg;A child dressed like a pirate smiles .
1813777902_07d1d4b00c.jpg;A young boy dressed as a pirate and running .
1813777902_07d1d4b00c.jpg;The boys enjoys his pirate costume .
1814086703_33390d5fc7.jpg;A dog looks behind itself .
1814086703_33390d5fc7.jpg;A tan dog is running alongside another dog outside
1814086703_33390d5fc7.jpg;Two dogs are running next to each other on the grass .
1814086703_33390d5fc7.jpg;Two dogs run together near the leaves .
1814086703_33390d5fc7.jpg;Two small dogs run on a dirt road covered in leafs .
1865794069_6e3a1e57bb.jpg;A blond boy with a navy blue uniform kicks a soccer ball in an open field .
1865794069_6e3a1e57bb.jpg;A boy in an all blue uniform kicks a blue soccer ball in a grassy area .
1865794069_6e3a1e57bb.jpg;A little boy is playing soccer at a field .
1865794069_6e3a1e57bb.jpg;A small child plays with a ball while others relax and converse with one another .
1865794069_6e3a1e57bb.jpg;A young boy dressed in blue and white is kicking a soccer ball .
1924234308_c9ddcf206d.jpg;A girl in a bikini and sneakers makes her way out of the water and onto the rocks .
1924234308_c9ddcf206d.jpg;A girl in a bikini in climbing rocks .
1924234308_c9ddcf206d.jpg;A woman in a bikini climbs rocks next to a rocky stream .
1924234308_c9ddcf206d.jpg;A woman in a bikini is running on rocks in a stream .
1924234308_c9ddcf206d.jpg;A young woman wearubg a bikini is climbing rocks near a creek .
1932161768_996eadac87.jpg;a small dog steps onto a log .
1932161768_996eadac87.jpg;A small white dog climbs over a log .
1932161768_996eadac87.jpg;A small white dog with a blue collar is climbing over a large log .
1932161768_996eadac87.jpg;A white dog jumps over a log outside .
1932161768_996eadac87.jpg;A white terrior is jumping over a log .
195084264_72fb347b0f.jpg;A man in a checked shirt stands next to a large wooden bowl .
195084264_72fb347b0f.jpg;A man standing next to a large plate .
195084264_72fb347b0f.jpg;An older man is standing next to a display of wooden trays .
195084264_72fb347b0f.jpg;An older man poses near wooden bowls on display .
195084264_72fb347b0f.jpg;The man wearing glasses is showing a wooden product .
1999444757_1b92efb590.jpg;A girl in white is swinging a sword .
1999444757_1b92efb590.jpg;A lady shows her sword
1999444757_1b92efb590.jpg;A woman is swordfighting with an unseen opponent .
1999444757_1b92efb590.jpg;Boy in martial arts-style uniform holding a sword .
1999444757_1b92efb590.jpg;Two women watching people in white shirts , one of those persons holding a sword .
2046222127_a6f300e202.jpg;A man in a neon-colored vest holding up a section of wood
2046222127_a6f300e202.jpg;a man in a neon yellow vest carrying a wooden crate
2046222127_a6f300e202.jpg;A man in construction gear is moving a large plank of wood to a new destination .
2046222127_a6f300e202.jpg;A man wearing yellow hi-viz is grasping a wooden board .
2046222127_a6f300e202.jpg;Man with short hair moves wooden structure .
2049051050_20359a434a.jpg;A girl in a black jacket and hat is covered in a pink blanket
2049051050_20359a434a.jpg;A woman derssed in a black sweater , gloves , hat , and a scarf sits on the beach near a boulder .
2049051050_20359a434a.jpg;A woman in a black cap and outfit sits in the sand .
2049051050_20359a434a.jpg;A woman wearing a black hat sits on the sand with a rock behind her .
2049051050_20359a434a.jpg;The girl sitting by a rock is wearing a black coat , black hat , black gloves but is covered by a pink blanket .
2057306459_2f52ce648e.jpg;A person in a field walks toward their white and orange parachute while another holds it .
2057306459_2f52ce648e.jpg;People collecting a parachute after landing on the ground .
2057306459_2f52ce648e.jpg;The parachutist is standing in a field near to his unfurled parachute .
2057306459_2f52ce648e.jpg;Two people fold a parachute after they have landed in a field .
2057306459_2f52ce648e.jpg;Two people on a grassy plain are gathering a parachute that one of the people just used .
2069279767_fb32bfb2de.jpg;The men are climbing .
2069279767_fb32bfb2de.jpg;Two men are lying in red cots on the side of a mountain .
2069279767_fb32bfb2de.jpg;Two men are sleeping on makeshift beds on the side of a cliff .
2069279767_fb32bfb2de.jpg;Two men in cots hanging from a cliff
2069279767_fb32bfb2de.jpg;Two mountain climbers are smiling on the mountainside .
2077346067_0a3a5aae65.jpg;A man dressed in black and holding a package in his hands is walking on a sidewalk near a police sign asking for witnesses to a road dealth to step forward .
2077346067_0a3a5aae65.jpg;a man in black walking past a red and yellow signpost whilst eating .
2077346067_0a3a5aae65.jpg;A man is eating and walking past a yellow and red sign .
2077346067_0a3a5aae65.jpg;A man is eating something and walking down a sidewalk past a big red and yellow sign .
2077346067_0a3a5aae65.jpg;A sign asking for help with a man walking by eating .
2089122314_40d5739aef.jpg;A dog running with a newspaper in its mouth .
2089122314_40d5739aef.jpg;A dog runs down the street , carrying a newspaper .
2089122314_40d5739aef.jpg;A dog with a newspaper in his mouth runs down a paved path .
2089122314_40d5739aef.jpg;A fluffy , tri-colored dog is running down the road with a paper in its mouth .
2089122314_40d5739aef.jpg;An Australian shepherd dog carrying a newspaper in his mouth .
2089542487_b4c1ee7025.jpg;A hiker is ready to take on a rugged outdoor trail .
2089542487_b4c1ee7025.jpg;a lone hiker on a dirt hiking trail with a hat and sunglasses on with trees in the background
2089542487_b4c1ee7025.jpg;A man in shorts is hiking in a dry region .
2089542487_b4c1ee7025.jpg;A man stops for a picture with the scenery during his hike .
2089542487_b4c1ee7025.jpg;The man is posing for a picture in the desert wearing a green shirt and hat , and holding a metal detector .
2097489021_ca1b9f5c3b.jpg;A girl in a ballet fairy costume is touched by a wand .
2097489021_ca1b9f5c3b.jpg;A young girl performing the nutcracker .
2097489021_ca1b9f5c3b.jpg;The little girl is standing on a stage dressed up as a pink fairy .
2097489021_ca1b9f5c3b.jpg;The tiny girl dressed in a butterfly ballet costume , waves her wand near a nutcracker statue .
2097489021_ca1b9f5c3b.jpg;Young girl waving turquiose leotard and pink tutu with wings waving wand .
2102030040_2e8f4738f7.jpg;A girl skiing .
2102030040_2e8f4738f7.jpg;A woman on a ski slope .
2102030040_2e8f4738f7.jpg;A woman skier smiles for the camera while on a snowy slope .
2102030040_2e8f4738f7.jpg;A woman standing on a snowy hill about to ski .
2102030040_2e8f4738f7.jpg;A woman with a blue jacket is posing for a picture while skiing down a mountain
2107837987_ffecfc367a.jpg;A boy stands near water with a stone in his hand .
2107837987_ffecfc367a.jpg;A child in a blue shirt is holding something in his hand on a lake shore .
2107837987_ffecfc367a.jpg;A little boy is ready to throw a stone into the water .
2107837987_ffecfc367a.jpg;A skips rocks near a bridge .
2107837987_ffecfc367a.jpg;The little boy is at the side of the river throwing rocks .
2108799322_e25aa6e185.jpg;A black dog in running in a field .
2108799322_e25aa6e185.jpg;A black dog is running through a marsh-like area .
2108799322_e25aa6e185.jpg;A black dog runs through a muddy bank .
2108799322_e25aa6e185.jpg;A dog running through mucky ground .
2108799322_e25aa6e185.jpg;A mostly black short haired dog is running in a swampy area with its tongue out .
2115849046_2aa9fa8d13.jpg;A brown dog running on shore with a boat in the background .
2115849046_2aa9fa8d13.jpg;A brown dog runs near the water .
2115849046_2aa9fa8d13.jpg;A dog is running on the grass beside a boat on the river .
2115849046_2aa9fa8d13.jpg;A large orange dog runs through the grass by the water where a large boat is sailing in the background .
2115849046_2aa9fa8d13.jpg;The dog is running in the grass next to the water .
2119660490_ce0d4d1f73.jpg;A brown dog is laying on his side on a beige carpet , with a green object in the foreground .
2119660490_ce0d4d1f73.jpg;A brown dog is laying on its back on a white carpet with a green ball on it .
2119660490_ce0d4d1f73.jpg;A brown dog is rolling on its back on a carpet with several green toys nearby .
2119660490_ce0d4d1f73.jpg;A dog lies on its back on a dog bed .
2119660490_ce0d4d1f73.jpg;The dog is laying on its back near a green ball .
2125216241_5b265a2fbc.jpg;A blue and white sailboat sits by a dock .
2125216241_5b265a2fbc.jpg;A few people park their boat at a dock .
2125216241_5b265a2fbc.jpg;Three men stand atop a boat from Seattle Washington .
2125216241_5b265a2fbc.jpg;Three people are standing on the dock of a boat looking at something off camera .
2125216241_5b265a2fbc.jpg;Three people stand on a boat that is docked .
2125454445_5c5c4bf906.jpg;A black and white dog in a dog-shirt carrying a long piece of wood .
2125454445_5c5c4bf906.jpg;A black and white dog in a plaid coat is carrying a very long stick .
2125454445_5c5c4bf906.jpg;A black and white dog on a leash is wearing a plaid outfit .
2125454445_5c5c4bf906.jpg;A small black and white dog on a leash wearing a shirt carrying a large stick .
2125454445_5c5c4bf906.jpg;A small dog plays with a very big limb .
2127207912_9298824e66.jpg;The two people are standing on a rock , holding themselves up against another rock , while looking down
2127207912_9298824e66.jpg;Three people make their way through rocky terrain .
2127207912_9298824e66.jpg;Three people participate in rock climbing .
2127207912_9298824e66.jpg;Two female hikers hang onto a rock in front of them while looking down into a deep crevice .
2127207912_9298824e66.jpg;Two people wearing backpacks and a woman in red shorts are standing on some large rock formations .
2136514643_93d8f75a77.jpg;A girl on the phone standing in front of beautiful plants is passed by another smiling girl .
2136514643_93d8f75a77.jpg;A girl wearing a white sweatshirt and jean shorts has a big smile on her face as she walks along .
2136514643_93d8f75a77.jpg;A smiling girl walking and a frowning girl with a phone .
2136514643_93d8f75a77.jpg;A teenage girl walks past another with a cellphone .
2136514643_93d8f75a77.jpg;A young woman walks by another young woman talking on the phone and leaning on a wall .
2144050118_3e7d2e05b1.jpg;a blond girl in a brown shirt with a black pen up her nose
2144050118_3e7d2e05b1.jpg;A little girl has a pen sticking out of her nose .
2144050118_3e7d2e05b1.jpg;A young girl is looking at the camera with a pen stuck up her nose .
2144050118_3e7d2e05b1.jpg;The girl with the wide eyes has a marker hanging from her nose .
2144050118_3e7d2e05b1.jpg;Young girl sitting with a black pen in her nose .
2170222061_e8bce4a32d.jpg;A dog biting the tail of a cow .
2170222061_e8bce4a32d.jpg;A dog chasing an animals tail on the grass .
2170222061_e8bce4a32d.jpg;A small animal leaps behind a larger animal , the larger animal 's tail obscuring the smaller one 's face .
2170222061_e8bce4a32d.jpg;A small dog chases after a large brown cow .
2170222061_e8bce4a32d.jpg;A tan animal is being swatted in the face by a brown and white bull .
2180356743_b3a3c9a7f6.jpg;A boy standing and watching a group of people on a basketball court .
2180356743_b3a3c9a7f6.jpg;A boy standing in the foreground looking out over other people in a court .
2180356743_b3a3c9a7f6.jpg;A boy stands overlooking a schoolyard where other children play .
2180356743_b3a3c9a7f6.jpg;A boy watches his classmates play in a courtyard , looking from above .
2180356743_b3a3c9a7f6.jpg;A little boy is standing above a structure and watching the other boys play a game .
2192333873_2a0cbe849d.jpg;A boy is flying down a snow covered slope on his sled .
2192333873_2a0cbe849d.jpg;A boy watches another person falling in the snow .
2192333873_2a0cbe849d.jpg;A snowboarder crashes into another .
2192333873_2a0cbe849d.jpg;a young boy falling down into the snow with another boy in the background
2192333873_2a0cbe849d.jpg;Two children play in the snow with a sled .
219301553_d2fffe9e0c.jpg;a group of people are crossing a river
219301553_d2fffe9e0c.jpg;A group of people are wading though a stream between steep rocky cliffs .
219301553_d2fffe9e0c.jpg;People wading in a river .
219301553_d2fffe9e0c.jpg;Several people are wading in a river in a deep gorge .
219301553_d2fffe9e0c.jpg;Several people wading in the water at the bottom of a ravine .
2194797921_96af7a9467.jpg;A woman is climbing a volleyball net on a beach as two others watch .
2194797921_96af7a9467.jpg;Girl climbs volleyball net at beach
2194797921_96af7a9467.jpg;People hanging up a volleyball net .
2194797921_96af7a9467.jpg;People put up a volleyball net at the beach .
2194797921_96af7a9467.jpg;The girl in the brown shirt is hanging onto a blue pole .
2198484810_50a893824a.jpg;A brown dog is running through an obstacle course .
2198484810_50a893824a.jpg;A brown dog jumps over an obstacle .
2198484810_50a893824a.jpg;A dog runs through an obstacle course .
2198484810_50a893824a.jpg;A small dog jumping over hurdles .
2198484810_50a893824a.jpg;The brown dog is jumping over a low rail in a grassy yard .
2198511848_311d8a8c2f.jpg;A man jumps off a ramp on a snowboard .
2198511848_311d8a8c2f.jpg;A snowboarder high in the air .
2198511848_311d8a8c2f.jpg;A snowboarder jumps through the air on their snowboard .
2198511848_311d8a8c2f.jpg;Snowboarder flies off of snowy jump , mountains in background .
2198511848_311d8a8c2f.jpg;The snowboarder is in the middle of a very tall jump
2217728745_92b6779016.jpg;A bald headed man is standing by the beer pumps at the bar .
2217728745_92b6779016.jpg;A bunch of beer pull tabs at a bar with Christmas lights on the ceiling .
2217728745_92b6779016.jpg;A man in a bar .
2217728745_92b6779016.jpg;A picture of five people at a bar with a closeup on the beer taps .
2217728745_92b6779016.jpg;christmas tree lights hang on the ceiling .
2218519240_cac5aab53c.jpg;A man is wearing protective hair and face coverings .
2218519240_cac5aab53c.jpg;A man wears a clear plastic cap and face mask .
2218519240_cac5aab53c.jpg;A man wears a mask around his mouth and a hair net by a brick wall .
2218519240_cac5aab53c.jpg;a young man with a hairnet over his hair and his mouth wearing a black jacket .
2218519240_cac5aab53c.jpg;Young man wearing hair net on head and face
222369445_5b6af347dd.jpg;A man is carrying a surfboard along a stone wall that leads to the ocean .
222369445_5b6af347dd.jpg;Man in green swim trunks carrying a surfboard along a rock wall to the ocean .
222369445_5b6af347dd.jpg;Surfers walking along a seawall as the ocean churns around them .
222369445_5b6af347dd.jpg;Two surfers carry their boards to the end of a walkway to join the others in the water .
222369445_5b6af347dd.jpg;Two surfers walk along a rock wall to reach the waves .
2230067846_74046b89d3.jpg;Children stretch outside .
2230067846_74046b89d3.jpg;Two boys hold their feet in their hands while balancing on one foot .
2230067846_74046b89d3.jpg;Two boys in running clothes stretching .
2230067846_74046b89d3.jpg;Two boys standing holding the ankle of one crossed leg .
2230067846_74046b89d3.jpg;two young man holding one leg in their hand
2238166082_140f8b01b8.jpg;A child in purple winter gear is on a red sled .
2238166082_140f8b01b8.jpg;A child is sledding on a red sled
2238166082_140f8b01b8.jpg;A girl in a purple coat on a red sled coasting down a snowy hill .
2238166082_140f8b01b8.jpg;A young girl is sliding down a snow slope in a red sled .
2238166082_140f8b01b8.jpg;Girl wearing purple jacket rides a red snow sled .
2249141510_f534708374.jpg;A boy in red is jumping in a playground sand pit .
2249141510_f534708374.jpg;A boy in red jumping into a sandbox .
2249141510_f534708374.jpg;A boy in red jumps backward onto the sand at a playground .
2249141510_f534708374.jpg;A young boy in red leaping into sand at a playground .
2249141510_f534708374.jpg;a young boy wearing a bright red outfit jumping into the sand at a playground .
2251447809_2de73afcdf.jpg;A man dressed in black walks on an icy sidewalk
2251447809_2de73afcdf.jpg;a man walks on the icy sidewalk .
2251447809_2de73afcdf.jpg;A quiet sidewalk in a town with a view of a traffic intersection .
2251447809_2de73afcdf.jpg;Man walking toward his car on an icy sidewalk in the city .
2251447809_2de73afcdf.jpg;There is a man dressed in black walking on a sidewalk with melted snow .
2251747182_6b67a3ab8b.jpg;A boy playing basketball in a gym
2251747182_6b67a3ab8b.jpg;A young boy holding a basketball about to shoot .
2251747182_6b67a3ab8b.jpg;A young boy , playing basketball , is getting ready to take a shot .
2251747182_6b67a3ab8b.jpg;The boy in the white jersey is dribbling the orange Wizards basketball .
2251747182_6b67a3ab8b.jpg;The little boy in the red shorts is going to shoot a basket .
2254913901_569f568926.jpg;A Louis Vuitton store window at night .
2254913901_569f568926.jpg;A woman looks at clothes in a Louis Vuitton store window .
2254913901_569f568926.jpg;A woman widow shops outside of a Louis Vuitton store .
2254913901_569f568926.jpg;The woman in black is looking at outfits in a clothing store window .
2254913901_569f568926.jpg;Woman on the street window shops in front of the store , Louis Vuitton .
2271468944_3264d29208.jpg;A boy at the beach dumps a bucket of water on another boy 's head .
2271468944_3264d29208.jpg;a boy pours water on another boy .
2271468944_3264d29208.jpg;A little boy pours water from a bucket onto another little boy 's head .
2271468944_3264d29208.jpg;A small boys dumps water on a baby .
2271468944_3264d29208.jpg;The boy pours water on the baby .
2273799395_5072a5736d.jpg;A group of people hike in skis .
2273799395_5072a5736d.jpg;A group of skiers head up an incline in the snow .
2273799395_5072a5736d.jpg;A lady in red gloves on ski 's has four people behind her .
2273799395_5072a5736d.jpg;People are cross-country skiing in a single file line .
2273799395_5072a5736d.jpg;Quite a few hikers walk through the snow with their gear .
2274602044_b3d55df235.jpg;A man is sitting on a green bench located on a grassy hill while playing with a black dog .
2274602044_b3d55df235.jpg;a man on a bench feeds a dog .
2274602044_b3d55df235.jpg;A man on a bench pets a dog .
2274602044_b3d55df235.jpg;Man wearing a grey jacket sitting on a green bench petting a black dog wearing a red collar .
2274602044_b3d55df235.jpg;Old man sitting on the park bench with a black dog .
2276120079_4f235470bc.jpg;A boy runs as others play on a home-made slip and slide .
2276120079_4f235470bc.jpg;Children in swimming clothes in a field .
2276120079_4f235470bc.jpg;Little kids are playing outside with a water hose and are sliding down a water slide .
2276120079_4f235470bc.jpg;Several children are playing outside with a wet tarp on the ground .
2276120079_4f235470bc.jpg;Several children playing on a homemade water slide .
2278776373_fe499a93be.jpg;A boy walks near buildings .
2278776373_fe499a93be.jpg;A man in a blue and purple striped shirt and hat is walking past a brick building .
2278776373_fe499a93be.jpg;A man walking down a street by a garage .
2278776373_fe499a93be.jpg;A person walking past a brick shed .
2278776373_fe499a93be.jpg;A young man in a white beanie is walking down the road and passing by a garage .
2281054343_95d6d3b882.jpg;A man wearing a black hat is walking through a busy city street .
2281054343_95d6d3b882.jpg;A silhouette of a man in a hat on a busy city street .
2281054343_95d6d3b882.jpg;Person with black hat and black coat near buildings with signs .
2281054343_95d6d3b882.jpg;Three people in a crowded city area .
2281054343_95d6d3b882.jpg;Thre is a shot of man with his back turned in a city .
2282522980_45cfa8e0cf.jpg;The dog with the green collar and ball is running behind the dog with the red collar
2282522980_45cfa8e0cf.jpg;Two dogs enjoy playing in the cold of the snow .
2282522980_45cfa8e0cf.jpg;Two dogs play in the snow .
2282522980_45cfa8e0cf.jpg;Two dogs play in the snow together .
2282522980_45cfa8e0cf.jpg;Two dogs run through the snow .
2286239223_d84ffc4e4a.jpg;A man and a woman on a bench .
2286239223_d84ffc4e4a.jpg;A man and a woman sit on a bench outdoors .
2286239223_d84ffc4e4a.jpg;A man and woman sit on a park bench .
2286239223_d84ffc4e4a.jpg;A man sits on a bench with his arm around a lady .
2286239223_d84ffc4e4a.jpg;The two people sit on the bench while the man in the tan jacket smokes .
2300229745_af7a20c959.jpg;A brown and white dog playing on grass .
2300229745_af7a20c959.jpg;A brown and white dog runs through a grassy area .
2300229745_af7a20c959.jpg;A dog is playing on the green grass
2300229745_af7a20c959.jpg;A dog with floppy ears runs on the grass , a fence behind it .
2300229745_af7a20c959.jpg;A white dog is running with an orange fence behind him .
2301525531_edde12d673.jpg;A black and white dog is jumping in the snow at a park .
2301525531_edde12d673.jpg;A black and white dog running in a snowy park .
2301525531_edde12d673.jpg;A black and white dog runs over snow by a tree and bench .
2301525531_edde12d673.jpg;A small white and black dog jumping in the snow
2301525531_edde12d673.jpg;Black and white dog running in the snow .
2308978137_bfe776d541.jpg;A crowd of boys riding a vehicle .
2308978137_bfe776d541.jpg;A large group of people wearing similar clothing riding a single vehicle .
2308978137_bfe776d541.jpg;almost 2 dozen people are riding on the outside of a cart down a road
2308978137_bfe776d541.jpg;A vehicle crowded with people .
2308978137_bfe776d541.jpg;Many young men with backpacks are clinging to and riding on a vehicle .
2314722788_6262c3aa40.jpg;A black and brown dog are starring at each other .
2314722788_6262c3aa40.jpg;A dark brown dog and a light brown dog in a field stare at each other .
2314722788_6262c3aa40.jpg;Two dogs are facing each other in a grassy field .
2314722788_6262c3aa40.jpg;Two dogs are looking at each other .
2314722788_6262c3aa40.jpg;Two dogs confront each other in the middle of a field
2322327298_7948338390.jpg;A blond lab runs in the snow .
2322327298_7948338390.jpg;a dog runs through the snow .
2322327298_7948338390.jpg;A golden dog is running through the snow .
2322327298_7948338390.jpg;A tan dog walks across the snow .
2322327298_7948338390.jpg;Brown dog runs in snow .
2326879311_555ebef188.jpg;A man in a red shirt is curled up on pavement outdoors .
2326879311_555ebef188.jpg;A man in a red sleeveless shirt curled up in front of a door .
2326879311_555ebef188.jpg;A man in red lays on the sidewalk next to a red brick building .
2326879311_555ebef188.jpg;a man sleeping on the street
2326879311_555ebef188.jpg;A ragged man sleeping behind a building .
2327088022_478dbd2c17.jpg;A man climbing an icy glacier with the assistance of a pick .
2327088022_478dbd2c17.jpg;A man donning an orange helmet is climbing up a white glacier .
2327088022_478dbd2c17.jpg;A man is chiseling into ice .
2327088022_478dbd2c17.jpg;A mountain climber wearing an orange helmet swings his Axe .
2327088022_478dbd2c17.jpg;An ice climber wearing an orange helmet is hacking the ice with his ice pick .
2331510788_986809bbb4.jpg;A brown dog is up to its knees in snow .
2331510788_986809bbb4.jpg;A brown dog plays in the snow .
2331510788_986809bbb4.jpg;A dog plays in the snow .
2331510788_986809bbb4.jpg;A grey dog with a bobbed tail digs in snow .
2331510788_986809bbb4.jpg;A large gray dog is playing in the deep snow .
233270519_d60d4518fa.jpg;A man in swim trunks hits a ball with a paddle , while on the beach .
233270519_d60d4518fa.jpg;A man is batting a ball on the beach beside the ocean .
233270519_d60d4518fa.jpg;a muscular man in swim trunks plays paddle ball on the beach
233270519_d60d4518fa.jpg;Man in a bathing suit holding a paddle on the beach
233270519_d60d4518fa.jpg;The man is standing on the shore hitting a ball with a paddle .
2335634931_7e9e8c2959.jpg;A dog attacking a guy .
2335634931_7e9e8c2959.jpg;A dog biting a man who is falling to the ground .
2335634931_7e9e8c2959.jpg;A dog is jumping up at a large man who is wearing jeans and a blue and yellow jacket .
2335634931_7e9e8c2959.jpg;A man is being attacked by a German Shepherd .
2335634931_7e9e8c2959.jpg;Dog jumping onto a man in a yellow jacket .
2337809114_899ba61330.jpg;A boy and girl are placing a red blindfold over a woman 's eyes .
2337809114_899ba61330.jpg;A girl is blindfolded by a young boy and girl .
2337809114_899ba61330.jpg;A person being blindfolded by a girl and a boy .
2337809114_899ba61330.jpg;Three kids play , one is blindfolded .
2337809114_899ba61330.jpg;Two young children are playing with a teenage girl who is blindfolded .
2353102255_67d9d2e40a.jpg;A large dog stands over a smaller dog who has its mouth open .
2353102255_67d9d2e40a.jpg;A small black and brown dog growls at a larger black and brown dog .
2353102255_67d9d2e40a.jpg;Two black and brown dogs looking at each other .
2353102255_67d9d2e40a.jpg;Two black dogs play on carpet .
2353102255_67d9d2e40a.jpg;Two rottweiler dogs indoors , the smaller one barking at the larger .
2355819665_39021ff642.jpg;A boy on a bike rides around the neighborhood .
2355819665_39021ff642.jpg;A child is riding a green bike and wearing an orange shirt and red helmet .
2355819665_39021ff642.jpg;A child rides a bicycle in a sunny neighborhood .
2355819665_39021ff642.jpg;Boy wearing safety gear rides green bike through suburban streets .
2355819665_39021ff642.jpg;The kid rides his green and black bike down the street .
2369452202_8b0e8e25ca.jpg;A crowd of people is standing around a red , white and blue hot air balloon as it is readied to launch into the blue sky .
2369452202_8b0e8e25ca.jpg;A crowd of people watch as a Remax hot air balloon gets ready to take off .
2369452202_8b0e8e25ca.jpg;A hot air balloon just off the ground surrounded by people .
2369452202_8b0e8e25ca.jpg;A red hot air balloon lands in a field among a crowd .
2369452202_8b0e8e25ca.jpg;people next to a red , white and blue hot air balloon that is on the grass
2372572028_53b76104a9.jpg;A boy climbs into his toy car .
2372572028_53b76104a9.jpg;A child climbs into a go-kart .
2372572028_53b76104a9.jpg;A little boy in a blue coat is climbing into a red play truck .
2372572028_53b76104a9.jpg;a small boy in a blue jacket climbs into a power wheels vehicle
2372572028_53b76104a9.jpg;A small child wearing a blue coat climbing into a red toy car .
2379150102_157d718d1d.jpg;A dog pees on the side of a fountain , another dog sniffs the wall , and one is being walked .
2379150102_157d718d1d.jpg;Several dogs are walking around on a brick street .
2379150102_157d718d1d.jpg;Three dogs are on a cobblestone road .
2379150102_157d718d1d.jpg;Three dogs are together outdoors checking out a fountain .
2379150102_157d718d1d.jpg;three dogs walk near the fountain .
2385871317_44cde2f354.jpg;A brown-haired girl wearing a yellow and pink shirt , and carrying a blue backpack is walking next to a blue wall .
2385871317_44cde2f354.jpg;A girl beside a blue tarp wall wearing a backpack and a purse .
2385871317_44cde2f354.jpg;a girl on her way to class lined by a blue construction wall .
2385871317_44cde2f354.jpg;A girl wearing a blue backpack is walking beside a blue plastic fence .
2385871317_44cde2f354.jpg;A young girl wearing a yellow shirt with a blue backpack is walking next to a fence covered with a blue plastic cover .
240696675_7d05193aa0.jpg;A brown dog is running in a grassy plain .
240696675_7d05193aa0.jpg;A brown dog runs along a path in the grass .
240696675_7d05193aa0.jpg;Dog running in field
240696675_7d05193aa0.jpg;Dog running on narrow dirt path .
240696675_7d05193aa0.jpg;The dog is running along a path that has been made through the uncut grass .
2407091303_931c918490.jpg;A child plays at a playground .
2407091303_931c918490.jpg;A little boy stands wide-legged , each foot on each side of the tube slide .
2407091303_931c918490.jpg;A little boy wearing a red shirt is standing on a slide .
2407091303_931c918490.jpg;A young boy climbing in a playhouse
2407091303_931c918490.jpg;Boy on playground equipment
2409597310_958f5d8aff.jpg;A boy and a baby in a ridable truck .
2409597310_958f5d8aff.jpg;Two children riding in a small child 's toy vehicle .
2409597310_958f5d8aff.jpg;Two little boys are driving past adults in their toy jeep .
2409597310_958f5d8aff.jpg;Two little boys ride in a toy truck .
2409597310_958f5d8aff.jpg;Two little boys sit in a toy car on the grass .
241031254_0c6f30e3d1.jpg;a bearded man in a white shirt and black shorts is hiking on a woodland path .
241031254_0c6f30e3d1.jpg;A man in a white shirt is standing on a trail in the woods .
241031254_0c6f30e3d1.jpg;A man wearing a water pack and shorts on an outdoor trail .
241031254_0c6f30e3d1.jpg;A short stubby man with a backpack is standing in a forest
241031254_0c6f30e3d1.jpg;This man , wearing a white t-shirt and black shorts , is standing on a path in the forest .
2411824767_4eb1fae823.jpg;A brown and white dog leaps .
2411824767_4eb1fae823.jpg;A brown dog is jumping over a grassy mound near to a lake .
2411824767_4eb1fae823.jpg;A corgi jumps off a bale of hay , m water and buildings behind it .
2411824767_4eb1fae823.jpg;A dog jumps over hay .
2411824767_4eb1fae823.jpg;A small brown and white dog is jumping over bushels of hay .
241345721_3f3724a7fc.jpg;A man tackles another man while playing football .
241345721_3f3724a7fc.jpg;Men playing football .
241345721_3f3724a7fc.jpg;one football player in a red jersey jumping onto a player wearing a white jersey
241345721_3f3724a7fc.jpg;The American footballer wearing red is pushing the player in white to the ground .
241345721_3f3724a7fc.jpg;Two football players bang into each other during a football game .
241347114_6273736da8.jpg;A red uniformed football player tackles an opposing player .
241347114_6273736da8.jpg;One football player is tackling another player .
241347114_6273736da8.jpg;there are two football players in red jerseys tackling a man wearing a white jersey
241347114_6273736da8.jpg;Three football players and two are fighting for the ball .
241347114_6273736da8.jpg;Two football players are tackling one player of the opposite team .
2428751994_88a6808246.jpg;A black and white dog runs over the green grass .
2428751994_88a6808246.jpg;A brown and white dog is running on the grass .
2428751994_88a6808246.jpg;A dog running on the grass
2428751994_88a6808246.jpg;A dog runs in a field .
2428751994_88a6808246.jpg;A smiling dog runs in the grass .
2429729667_42effc165d.jpg;A girl has her head in a wooden cut out of a pirate ship while people throw tomatos .
2429729667_42effc165d.jpg;A little girl throws an object at a man who is standing behind a cutout of a sailor on a ship .
2429729667_42effc165d.jpg;A young boy and girl are trying to hit a man with balls in a fair game .
2429729667_42effc165d.jpg;Children are throwing food at someone as part of an amusement park game .
2429729667_42effc165d.jpg;Children watching a play .
2436160351_108924a65b.jpg;One boy rides a tricycle while another walks beside him .
2436160351_108924a65b.jpg;two indian children walk and ride bikes down the street .
2436160351_108924a65b.jpg;Two little boys in yellow shirts and red shorts .
2436160351_108924a65b.jpg;Two small boys are wearing red shorts and yellow sleeveless shirts .
2436160351_108924a65b.jpg;Two young children with red dots are their foreheads are both wearing yellow shirts and red shorts and one is riding a red tricycle .
2438085746_588dce8724.jpg;A black and white dog catc
2438085746_588dce8724.jpg;A black and white dog is playing with a Frisbee outside .
2438085746_588dce8724.jpg;A black and white dog jumps to catch the green Frisbee .
2438085746_588dce8724.jpg;A black and white dog leaps to catch a Frisbee in a field .
2438085746_588dce8724.jpg;A small black and white dog jumping on the grass to catch a Frisbee
244774022_a12c07afdb.jpg;A longhaired man surfing a large wave .
244774022_a12c07afdb.jpg;A man in black on a surfboard riding a wave .
244774022_a12c07afdb.jpg;A man surfing in the ocean .
244774022_a12c07afdb.jpg;A surfer showered in the spray of a wave .
244774022_a12c07afdb.jpg;Man riding a surfboard on a wave .
244910177_7c4ec3f65b.jpg;Three woman walk down a city street and one has a pink purse .
244910177_7c4ec3f65b.jpg;Three women , two with tattoos , walking down the street
244910177_7c4ec3f65b.jpg;Women are walking through the street drinking iced coffee .
244910177_7c4ec3f65b.jpg;Women walk down a buzy sidewalk .
244910177_7c4ec3f65b.jpg;Women walking down the street .
2456907314_49bc4591c4.jpg;A man is docking a boat
2456907314_49bc4591c4.jpg;A man is using a long pole to push two boats apart .
2456907314_49bc4591c4.jpg;A man on a boat is using a large stick to push another boat away .
2456907314_49bc4591c4.jpg;A man on a fishing boat pushing a wooden pole into the water .
2456907314_49bc4591c4.jpg;A man standing on a boat is pulling another boat close by with a bamboo stick .
2471297228_b784ff61a2.jpg;Two girls holding sacks are standing in a field .
2471297228_b784ff61a2.jpg;Two girls pillow fight in a school play yard .
2471297228_b784ff61a2.jpg;Two girls playing with plastic bags in a park .
2471297228_b784ff61a2.jpg;Two girls swinging bags .
2471297228_b784ff61a2.jpg;two young girls htting each other with sacks on a field .
2497074804_b4f3e7fd90.jpg;A man in a white t-shirt is standing outside on a busy street .
2497074804_b4f3e7fd90.jpg;A man stands on a busy street with buildings and shops in the background .
2497074804_b4f3e7fd90.jpg;A picture of a young man in front of some interesting buildings .
2497074804_b4f3e7fd90.jpg;Man poses on street corner .
2497074804_b4f3e7fd90.jpg;Man with white shirt and green shorts poses for a picture .
2502935765_a0ae1fa7be.jpg;A boy is at a playground on a pole .
2502935765_a0ae1fa7be.jpg;A boy spins on a park playground .
2502935765_a0ae1fa7be.jpg;A child slides down a pole on a playground .
2502935765_a0ae1fa7be.jpg;a kid playing in the playground
2502935765_a0ae1fa7be.jpg;A little boy sits and spins on a playground .
2508918369_2659db1cb6.jpg;A young boy splashes in the pool .
2508918369_2659db1cb6.jpg;a young man wearing swimming goggles jumping up oout of the pool
2508918369_2659db1cb6.jpg;Two children play in an inflatable pool .
2508918369_2659db1cb6.jpg;Two kids play in a pool .
2508918369_2659db1cb6.jpg;Two smiling boys with goggles on play in an inflatable swimming pool with water up to their waists .
251586160_a31b187a37.jpg;A black dog in a red harness jumping .
251586160_a31b187a37.jpg;A black dog springs up into a pool .
251586160_a31b187a37.jpg;a black dog sprints near the blue fence .
251586160_a31b187a37.jpg;A man watches eagerly as his black dog leaps into the water .
251586160_a31b187a37.jpg;Black dog running while man looks on .
2516317118_10ae66b87a.jpg;A little boy is putting some cutout letters on the wall .
2516317118_10ae66b87a.jpg;"A small child is playing with cut-outs of the letter "" P. """
2516317118_10ae66b87a.jpg;"A toddler sticks paper "" P "" letters to a wood paneled wall ."
2516317118_10ae66b87a.jpg;The child is sticking paper letters to a wooden wall .
2516317118_10ae66b87a.jpg;"Toddler in pajamas plays with paper cutouts of the letter "" P "" ."
2521770311_3086ca90de.jpg;A boy holds a picture over his head .
2521770311_3086ca90de.jpg;A boy in a long sleeve shirt is holding a box above his head .
2521770311_3086ca90de.jpg;A boy is inside holding something on top of his head .
2521770311_3086ca90de.jpg;A little boy holds a decorated cardboard box on his head .
2521770311_3086ca90de.jpg;a young boy with a samll cardboard box atop his head .
2531531628_b4a5041680.jpg;A girl sticks out her tongue on a bench .
2531531628_b4a5041680.jpg;A little girl in a blue dress sitting on a park bench , sticking out her tongue .
2531531628_b4a5041680.jpg;a little girl sticking her tongue out in a bench
2531531628_b4a5041680.jpg;The little girl in the blue dress is sitting on a wooden bench .
2531531628_b4a5041680.jpg;The little girl is sitting on an old bench and making a face
2544182005_3aa1332bf9.jpg;A little boy with a blue shirt is wearing a helmet and riding a two wheeled bike .
2544182005_3aa1332bf9.jpg;a young boy rides a purple bike .
2544182005_3aa1332bf9.jpg;A young child is riding a purple bike .
2544182005_3aa1332bf9.jpg;A young child rides a small purple bike while wearing a red helmet .
2544182005_3aa1332bf9.jpg;A young child wearing a bike helmet rides a two wheel bike .
2546959333_23b957988f.jpg;a dog nipping at the feet of a cow .
2546959333_23b957988f.jpg;a dog pounces on the grass .
2546959333_23b957988f.jpg;The dog is running after the bull .
2546959333_23b957988f.jpg;The large brown dog is playing in the grass with a brown cow .
2546959333_23b957988f.jpg;Two dogs outside on green grass .
2554531876_5d7f193992.jpg;A motorcycle races .
2554531876_5d7f193992.jpg;A motorcycle rider in a white helmet leans into a curve on a rural road .
2554531876_5d7f193992.jpg;A motorcycle rider making a turn .
2554531876_5d7f193992.jpg;Someone on a motorcycle leaning into a turn .
2554531876_5d7f193992.jpg;There is a professional motorcyclist turning a corner .
2559638792_a803ff63d1.jpg;A girl does the backstroke in the pool .
2559638792_a803ff63d1.jpg;A swimmer does the backstroke in a swimming pool .
2559638792_a803ff63d1.jpg;A swimmer in a dark blue suit swimming backstroke .
2559638792_a803ff63d1.jpg;A young girl in swim goggles does the backstroke in a pool .
2559638792_a803ff63d1.jpg;The girl wearing pink goggles is in the swimming pool doing the backstroke .
2561212119_1af8cb9b5d.jpg;A black dog standing in the water .
2561212119_1af8cb9b5d.jpg;a black dog wearing a red collar is standing in a stream with its tongue out .
2561212119_1af8cb9b5d.jpg;A black dog with a red collar stands outside with his paws in water .
2561212119_1af8cb9b5d.jpg;A wet black lab with a red collar is standing in the water .
2561212119_1af8cb9b5d.jpg;Black dog stands in river .
2562377955_8d670ccec6.jpg;a boy in an orange jersey is about to pitch a baseball .
2562377955_8d670ccec6.jpg;"A boy in an orange "" Spring Hill "" ball team uniform , pitching the ball ."
2562377955_8d670ccec6.jpg;A little boy in orange pitching at a baseball game .
2562377955_8d670ccec6.jpg;A young boy in an orange uniform is pitching a baseball during a game .
2562377955_8d670ccec6.jpg;The boy in the orange shirt is throwing the ball .
2563578471_9a4e4c2ecc.jpg;A boy in black is sitting on a wall near the beach .
2563578471_9a4e4c2ecc.jpg;A little boy sits on concrete wall by the ocean .
2563578471_9a4e4c2ecc.jpg;A small child sitting on a ledge near a beach .
2563578471_9a4e4c2ecc.jpg;a young boy sits by the beach .
2563578471_9a4e4c2ecc.jpg;a young boy wearing a spiderman shirt sitting on a wall next to the beach .
2568656919_6e49d2a82b.jpg;Two dogs racing across the water toward a beach .
2568656919_6e49d2a82b.jpg;Two dogs run in the shallow water at the beach .
2568656919_6e49d2a82b.jpg;Two dogs running in shallow water .
2568656919_6e49d2a82b.jpg;Two dogs running in water by a beach .
2568656919_6e49d2a82b.jpg;Two dogs run through shallow water in a bay .
2577972703_a22c5f2a87.jpg;A girl making a sad face standing in front of her tricycle
2577972703_a22c5f2a87.jpg;A little girl in a pink shirt about to cry
2577972703_a22c5f2a87.jpg;A little girl with mud on her face cries .
2577972703_a22c5f2a87.jpg;A young girl with dirt on her face and a red child 's bike is in the background .
2577972703_a22c5f2a87.jpg;The girl in a pink top is standing next to a red tricycle looking like she is about to cry .
2584957647_4f9235c150.jpg;A dog is wading through deep water while holding a stick .
2584957647_4f9235c150.jpg;A white and brown dog is carrying a stick in the water .
2584957647_4f9235c150.jpg;A white dog with a brown spot over one eye in a pool of blue water with a stick in its mouth .
2584957647_4f9235c150.jpg;A white dog with brown spots on his face with a stick in his mouth swimming in water .
2584957647_4f9235c150.jpg;The white dog brings a stick from the water .
2590207488_ddd89037ba.jpg;A black and white dog is walking on a beach .
2590207488_ddd89037ba.jpg;A black and white dog looks back while walking on the beach .
2590207488_ddd89037ba.jpg;A black and white dog walks on a beach .
2590207488_ddd89037ba.jpg;A dog with black and white spots walks on the beach , looking behind itself .
2590207488_ddd89037ba.jpg;Black and white dog , walking on beach and looking back .
2596474836_79468f23a0.jpg;A woman helping a toddler to swim in a pool .
2596474836_79468f23a0.jpg;A woman in a white swim cap teaches a toddler how to swim in a swimming pool .
2596474836_79468f23a0.jpg;A woman is holding a boy in a swimming pool .
2596474836_79468f23a0.jpg;A woman wearing a white swim holds a small boy in the swimming pool .
2596474836_79468f23a0.jpg;Woman teaching young boy how to swim .
2603125422_659391f961.jpg;A car is parked in a graffiti filled street .
2603125422_659391f961.jpg;A graffiti defaced wall serves as the gathering of a few people nearby a car .
2603125422_659391f961.jpg;four people huddle against a wall .
2603125422_659391f961.jpg;Some adults stand by a wall covered in art graffiti at night .
2603125422_659391f961.jpg;Two people talk to a street person in front of wall of graffiti
2603334363_cfa32c4482.jpg;A girl wearing a fairy costume rides a tricycle .
2603334363_cfa32c4482.jpg;A girl wearing a fairy costume rides her tricycle
2603334363_cfa32c4482.jpg;A small girl dressed in a green fairy costume is riding a big wheel bicycle .
2603334363_cfa32c4482.jpg;A young , blonde girl in a fairy outfit is riding a pink and purple tricycle .
2603334363_cfa32c4482.jpg;a young girl wearing a green fairy costume riding a bigwheels
2633722629_5eeb649c09.jpg;A child flips on a trampoline .
2633722629_5eeb649c09.jpg;A child jumps upside down on a trampoline .
2633722629_5eeb649c09.jpg;A girl bounces upside down on her head on a trampoline .
2633722629_5eeb649c09.jpg;A girl is bouncing on her head on a trampoline .
2633722629_5eeb649c09.jpg;A girl is upside-down on a trampoline and you can see her navel .
263522013_d118d46b2d.jpg;A brown dog , on a rocky ground , shakes off water from its body .
263522013_d118d46b2d.jpg;A dog shaking off water .
263522013_d118d46b2d.jpg;A dog shaking water off .
263522013_d118d46b2d.jpg;A golden retriever is shaking off some water
263522013_d118d46b2d.jpg;A tan dog shaking the water off of himself
2642474867_4e6346f809.jpg;A blond Caucasian woman in a blue shirt wearing a straw hat .
2642474867_4e6346f809.jpg;A long haired woman is wearing a grass cowboy hat and a stripped shirt .
2642474867_4e6346f809.jpg;A woman in a blue and white shirt is wearing a cowboy hat .
2642474867_4e6346f809.jpg;A woman wearing a hat .
2642474867_4e6346f809.jpg;Woman in a blue and white striped shirt with a straw cowboy hat on .
2644916196_16f91dae54.jpg;A child with a yellow cup and milk all over his face .
2644916196_16f91dae54.jpg;A little boy drinks milk and gets milk all over his face and table .
2644916196_16f91dae54.jpg;a little boy spilled his milk from the green cup .
2644916196_16f91dae54.jpg;Small laughing child with blond hair sitting at a table holding a green sippy cup .
2644916196_16f91dae54.jpg;Toddler with milk around his mouth .
2649850541_59a6c7f01c.jpg;A girl laying on a sidewalk .
2649850541_59a6c7f01c.jpg;a girl lays on her driveway .
2649850541_59a6c7f01c.jpg;A girl lays on the sidewalk with her arms and face in the grass .
2649850541_59a6c7f01c.jpg;A little girl lays on the sidewalk with her face in the grass .
2649850541_59a6c7f01c.jpg;The little girl is laying on the sidewalk .
2665904080_8a3b9639d5.jpg;a brown dog nursing
2665904080_8a3b9639d5.jpg;A dog breastfeeding .
2665904080_8a3b9639d5.jpg;A mother dog giving her puppy some milk .
2665904080_8a3b9639d5.jpg;A puppy is nursing from its mother .
2665904080_8a3b9639d5.jpg;A young puppy suckles from his mother .
2671602981_4edde92658.jpg;A little girl in a bathing suit leaps up in the water .
2671602981_4edde92658.jpg;A little girl wearing a black tankini is jumping in the air with water in the background .
2671602981_4edde92658.jpg;A young girl in a swimming suit jumps into a body of water .
2671602981_4edde92658.jpg;A young girl jumping out of the water
2671602981_4edde92658.jpg;The girl in the bathing suit is poised in midair next to the blue water .
267162122_c3437414ec.jpg;a black puppy jumping on the back of a white puppy
267162122_c3437414ec.jpg;A black dog and a white dog wrestle .
267162122_c3437414ec.jpg;A black dog and a white dog wrestling next to a food dish .
267162122_c3437414ec.jpg;A black puppy stands over a white puppy .
267162122_c3437414ec.jpg;A small black dog is standing over a small white dog laying on his side .
267325341_1a96ef436e.jpg;A black dog is running through the grass carrying something red in its mouth .
267325341_1a96ef436e.jpg;A dog holds an orange rag in his mouth while running .
267325341_1a96ef436e.jpg;A dog running with a red item in its mouth .
267325341_1a96ef436e.jpg;Black dog running through grass with something orange in its mouth
267325341_1a96ef436e.jpg;On garden lawn , black dog is retriving an object .
2674784195_704f6b79d0.jpg;Two boys are laying in the ocean close to the beach .
2674784195_704f6b79d0.jpg;two boys playing in dirty water
2674784195_704f6b79d0.jpg;Two children are playing in deep muddy water .
2674784195_704f6b79d0.jpg;Two children are rolling in muddy water .
2674784195_704f6b79d0.jpg;Two muddy boys swim .
2685139184_4ff45e0f76.jpg;A gray-haired , shoeless woman is sitting on a blanket under a lavendar umbrella on the side of a street .
2685139184_4ff45e0f76.jpg;A man leaning against a wall with an umbrella .
2685139184_4ff45e0f76.jpg;A woman that appears to be homeless sits on a Winnie the Pooh table cover on the side of a street .
2685139184_4ff45e0f76.jpg;The man is sitting outside on the street under a purple umbrella .
2685139184_4ff45e0f76.jpg;The person is sitting on a Winnie the pooh sheet and holding a purple umbrella .
268704620_8a8cef4cb3.jpg;Two little white dogs are playing in the snow .
268704620_8a8cef4cb3.jpg;Two little white dogs are playing outside in the snow .
268704620_8a8cef4cb3.jpg;Two white dogs are running alongside one another in snowy grass .
268704620_8a8cef4cb3.jpg;Two white dogs running in the snow .
268704620_8a8cef4cb3.jpg;Two white dogs run through a fiels with snow .
2687229880_97cfd8148e.jpg;A woman in a black-shirt is walking holding a silver cellphone .
2687229880_97cfd8148e.jpg;A woman in a black shirt walking down the street
2687229880_97cfd8148e.jpg;A woman wearing a black shirt walks among a crowd in a city .
2687229880_97cfd8148e.jpg;Brunette woman in black walking through blurred crowd .
2687229880_97cfd8148e.jpg;Lady walking and squinting from the sun in a large group of people .
2695085632_10c4e6ea78.jpg;A man in sunglasses is writing on a pad with his bike leaned up against him .
2695085632_10c4e6ea78.jpg;A man is sitting outside writing something on a pad of paper .
2695085632_10c4e6ea78.jpg;A man next to a plastic crate and a bicycle , writes on a board .
2695085632_10c4e6ea78.jpg;A man whose clothes are covered in paint is writing something down while sitting outside in a busy area .
2695085632_10c4e6ea78.jpg;A man writes a note while sitting next to a crate and a bike .
2698487246_e827404cac.jpg;A man in a black and white jersey is leaping to get a ball from a player in a blue and yellow jersey .
2698487246_e827404cac.jpg;People playing a sport with a referee looking on .
2698487246_e827404cac.jpg;The men are jumping in the air .
2698487246_e827404cac.jpg;Three rugby players trying to catch the ball
2698487246_e827404cac.jpg;Two men are jumping into the air to catch the football .
269898095_d00ac7d7a4.jpg;A woman is sitting near a flower bed overlooking a tunnel .
269898095_d00ac7d7a4.jpg;two adults sit on a bench .
269898095_d00ac7d7a4.jpg;Two guys sit by some flowers and water .
269898095_d00ac7d7a4.jpg;Two people on a bench .
269898095_d00ac7d7a4.jpg;Two people sit on a bench at a park .
2714703706_d21c5cb8df.jpg;dogs playing
2714703706_d21c5cb8df.jpg;A brown dog is biting a white and tan dog on the snout .
2714703706_d21c5cb8df.jpg;The brown dog has a hold of the other dogs cheek with its teeth .
2714703706_d21c5cb8df.jpg;Two dogs are nuzzling each other nose to nose .
2714703706_d21c5cb8df.jpg;Two dogs bite at each other on the carpet .
2718027742_70a72f99ae.jpg;A child in a bathing suit plays in a sprinkler .
2718027742_70a72f99ae.jpg;A child plays in backyard sprinklers .
2718027742_70a72f99ae.jpg;A child seen from the waist down in a bathing suit standing on a slip and slide with jets of water shooting up
2718027742_70a72f99ae.jpg;A kid standing in a sprinkler .
2718027742_70a72f99ae.jpg;Child standing on yellow sprinkler mat with water spraying .
2723477522_d89f5ac62b.jpg;A big dog chases a little dog on the grass .
2723477522_d89f5ac62b.jpg;A black dog is chasing a smaller brown dog over grass .
2723477522_d89f5ac62b.jpg;The large brown dog is chasing after the little brown dog .
2723477522_d89f5ac62b.jpg;Two brown dogs run through the grass together .
2723477522_d89f5ac62b.jpg;two dogs play in the grass .
2744705147_acd767d3eb.jpg;A man and a woman in a brown room posing for the camera .
2744705147_acd767d3eb.jpg;A man in a striped shirt hugging a blond short-haired woman with a black apron on .
2744705147_acd767d3eb.jpg;A man in a striped shirt poses with a blond girl in a black apron .
2744705147_acd767d3eb.jpg;A man is standing next to a woman , with his arm around her waist .
2744705147_acd767d3eb.jpg;A man with glasses is standing next to a woman with blonde hair .
2751694538_fffa3d307d.jpg;a man and boy sit in the driver seat .
2751694538_fffa3d307d.jpg;A man holds a child on his lap while driving a truck .
2751694538_fffa3d307d.jpg;A man sits with a little boy in the drivers seat of a jeep .
2751694538_fffa3d307d.jpg;A young boy sits on the lap of a man behind the wheel of a vehicle .
2751694538_fffa3d307d.jpg;The boy is sitting in the lap of the car 's driver and helping to steer .
2752329719_868545b7d2.jpg;A couple is enjoying the view of the water while sitting on a patio .
2752329719_868545b7d2.jpg;A couple sit on a patio overlooking the ocean .
2752329719_868545b7d2.jpg;Couple sitting on chairs by a stone wall overlooking the ocean .
2752329719_868545b7d2.jpg;Two adults sitting in chairs overlooking the ocean
2752329719_868545b7d2.jpg;Two people sit on a well kept stone path that overlooks a large body of water .
2760716468_b541e9fd0f.jpg;A man sits on a step with two duffel bags and a plastic bag by his sides .
2760716468_b541e9fd0f.jpg;A man wearing sandals sits on the sidewalk near some bags .
2760716468_b541e9fd0f.jpg;Bald , older man sits in gray stone area with bags , clapping hands .
2760716468_b541e9fd0f.jpg;Man with duffel bag sitting on a concrete curb .
2760716468_b541e9fd0f.jpg;Man with grey beard sitting on the sidewalk with bags on either side of him .
2762702644_2aa3bf9680.jpg;A woman wearing a red and black outfit standing in front of a building playing a violin .
2762702644_2aa3bf9680.jpg;A woman wearing black and red is playing a violin in front of a brick building .
2762702644_2aa3bf9680.jpg;A woman wearing red playing a violin on a sidewalk .
2762702644_2aa3bf9680.jpg;Girl in red , with striped tights , playing violin outside of building .
2762702644_2aa3bf9680.jpg;The girl in red and black is holding a violin and bow .
276356412_dfa01c3c9e.jpg;A dog goes headfirst into the long grass from the sand .
276356412_dfa01c3c9e.jpg;A dog is digging in the sand beneath some grass .
276356412_dfa01c3c9e.jpg;A light brown dog is poking his head into brush .
276356412_dfa01c3c9e.jpg;A tan dog digging a hole at the edge of the sand .
276356412_dfa01c3c9e.jpg;A yellow dog digs in the sand near grass .
278002800_3817135105.jpg;A guy in black jacket eating .
278002800_3817135105.jpg;A man eats a pastry .
278002800_3817135105.jpg;A man in a black coat eats a doughnut while other men look out of frame .
278002800_3817135105.jpg;A man in a black jacket is eating a pastry while standing next to two other men .
278002800_3817135105.jpg;A man in black is eating a baked good near two elderly men .
2780087302_6a77658cbf.jpg;A man in black shirt sits on a stool while trying to sell stuffed animals .
2780087302_6a77658cbf.jpg;A man is outside selling various toys .
2780087302_6a77658cbf.jpg;A vendor sells children 's toys as visitors walk by .
2780087302_6a77658cbf.jpg;A vendor sells inflatable toys and stuffed animals on the sidewalk .
2780087302_6a77658cbf.jpg;Man sits on stool beside toys .
2781296531_f6f0f6c0f5.jpg;A boy is splashed in the face by a playground toy at a water park .
2781296531_f6f0f6c0f5.jpg;A young boy at a water park being sprayed in the face by a spigot decorated to look like a seahorse .
2781296531_f6f0f6c0f5.jpg;A young boy is gettnig splashed in the face by a blue water toy .
2781296531_f6f0f6c0f5.jpg;The boy is running through the sprinklers .
2781296531_f6f0f6c0f5.jpg;The little boy is running through the sprinklers .
2795287622_da187a3e86.jpg;A girl jumping from a diving board into a pool
2795287622_da187a3e86.jpg;A girl jumping into a swimming pool
2795287622_da187a3e86.jpg;A girl jumps off of a diving board into a pool .
2795287622_da187a3e86.jpg;A little girl is jumping off the diving board into a pool .
2795287622_da187a3e86.jpg;A young girl in a pink and yellow bathing suit jumps from a diving board into a pool .
279901198_e7a88c855a.jpg;A brown dog being chased in a rural area
279901198_e7a88c855a.jpg;A few brown dogs play in some dirt near woods .
279901198_e7a88c855a.jpg;a group of dogs running outside down a dirt trail .
279901198_e7a88c855a.jpg;The dogs are running outdoors near a wooded area .
279901198_e7a88c855a.jpg;Two brown dogs run along a gravel road while another dog watches .
281419391_522557ce27.jpg;A black race car spins its tires while smoke comes out .
281419391_522557ce27.jpg;A black race car starts up in front of a crowd of people .
281419391_522557ce27.jpg;A broken down car during a race
281419391_522557ce27.jpg;Race car smoking very badly on the racetrack .
281419391_522557ce27.jpg;Red Bull-branded race car leaves smoke behind it in front of a crowd .
2832487464_2d30634e1e.jpg;A black and white dog is jumping over a hurdle .
2832487464_2d30634e1e.jpg;A dog hurdles over a series of poles .
2832487464_2d30634e1e.jpg;A dog is jumping over a series of colored gates .
2832487464_2d30634e1e.jpg;A dog jumping over a beam
2832487464_2d30634e1e.jpg;A small black dog jumping over gates
2846785268_904c5fcf9f.jpg;A boy doing a trick on top of a guardrail on inline skates .
2846785268_904c5fcf9f.jpg;A person jumps onto a barrier .
2846785268_904c5fcf9f.jpg;A person wearing Rollerblades jumps over a yellow gate .
2846785268_904c5fcf9f.jpg;A young adult jumps on a yellow barricade .
2846785268_904c5fcf9f.jpg;Rollerblader grinding a yellow road barrier
2847615962_c330bded6e.jpg;A dog lays on a mattress on the porch .
2847615962_c330bded6e.jpg;A dog rolls on a mattress placed on a porch and scratches his back .
2847615962_c330bded6e.jpg;A spotted dog rolling over on a pad placed on a porch .
2847615962_c330bded6e.jpg;A white dog rolling on its back on a porch .
2847615962_c330bded6e.jpg;The spotted dog rolls on its back .
2848266893_9693c66275.jpg;A man in a white suit walks down the street holding a newspaper .
2848266893_9693c66275.jpg;A man in a white suit walks outside carrying a newspaper .
2848266893_9693c66275.jpg;a man wearing a white suit holding a newspaper walking through the streets .
2848266893_9693c66275.jpg;The man holding a newspaper is wearing a white suit , black shirt and black shoes .
2848266893_9693c66275.jpg;The man is wearing a white suit and walking on the street .
2848895544_6d06210e9d.jpg;A small boy holding a soccer ball for another boy to kick .
2848895544_6d06210e9d.jpg;A very little boy is stopping a soccer ball from going into the goal .
2848895544_6d06210e9d.jpg;A young boy playing goalie stops the soccer ball with his hands .
2848895544_6d06210e9d.jpg;Children playing with a soccer ball near a goal net .
2848895544_6d06210e9d.jpg;Two little boys in uniforms play soccer .
2848977044_446a31d86e.jpg;A cowboy is hanging upside down from a horse .
2848977044_446a31d86e.jpg;A man at the rodeo is riding his horse while upside down and not on the saddle
2848977044_446a31d86e.jpg;A man is riding upside down on the side of a horse at a rodeo .
2848977044_446a31d86e.jpg;A rodeo rider being thrown headfirst from a horse .
2848977044_446a31d86e.jpg;A rodeo rider doing a vertical trick on a brown horse as an audience looks on .
285306009_f6ddabe687.jpg;A man in a cap and shorts sits on a metal bench reading a newspaper .
285306009_f6ddabe687.jpg;A man in a t-shirt , shorts and cap , sitting on a park bench , reading a paper .
285306009_f6ddabe687.jpg;A man reads the paper on a wood an iron park bench .
285306009_f6ddabe687.jpg;A man sits on a bench near a sidewalk , reading a newspaper .
285306009_f6ddabe687.jpg;A man sits on a bench reading a newspaper .
2855727603_e917ded363.jpg;a black dog splashes in the water .
2855727603_e917ded363.jpg;a brown dog walking in a river with trees in the background
2855727603_e917ded363.jpg;A large brown dog plays in the water .
2855727603_e917ded363.jpg;A large sleek brown dog is standing in the water .
2855727603_e917ded363.jpg;The large brown dog is walking into a shallow lake .
2856923934_6eb8832c9a.jpg;A man steers a speeding jet ski through a turn .
2856923934_6eb8832c9a.jpg;Two men are in a blue and white speed boat .
2856923934_6eb8832c9a.jpg;Two men are riding a blue and white jet ski .
2856923934_6eb8832c9a.jpg;Two people are driving a blue jet ski , leaving a trail of water in the air .
2856923934_6eb8832c9a.jpg;Two people jetskiing on a blue jet ski .
2866529477_7e0c053ebc.jpg;A boy wearing a swimming cap and goggles running through water with another child swimming behind him .
2866529477_7e0c053ebc.jpg;Some swimmers in the water .
2866529477_7e0c053ebc.jpg;Two boys wearing matching blue swim caps swim in a lake .
2866529477_7e0c053ebc.jpg;Two boys with blue swim caps in the murky water .
2866529477_7e0c053ebc.jpg;Young boys wading in blue swim caps .
2871962580_b85ce502ba.jpg;A football player in mid stride holding a football .
2871962580_b85ce502ba.jpg;A football player is running with a football .
2871962580_b85ce502ba.jpg;A football player with a football is being pursued by another player .
2871962580_b85ce502ba.jpg;An american footballer in a white strip who is carrying the ball is being pursued by another player in a black strip .
2871962580_b85ce502ba.jpg;One football player holding the ball is chased by another football player from the opposing team
2873445888_8764699246.jpg;A boy in shorts kicks while standing in shallow water .
2873445888_8764699246.jpg;A boy standing in water doing a kick .
2873445888_8764699246.jpg;A boy standing with one leg in water and one leg held up over the surface .
2873445888_8764699246.jpg;A little boy is kicking up his feet in the water .
2873445888_8764699246.jpg;A young boy kicks his leg up while standing in the water .
2875528143_94d9480fdd.jpg;a girl wearing pink bounces on a bed
2875528143_94d9480fdd.jpg;A little girl in a pink leotard is jumping and landing in a straddle split on a blue bed .
2875528143_94d9480fdd.jpg;A young girl jumping with her mouth open .
2875528143_94d9480fdd.jpg;Little girl in a pink Hello Kitty shirt is jumping .
2875528143_94d9480fdd.jpg;The girl in pink does a midair leg splits .
2877159456_ea4a46b0d2.jpg;A man and a woman with three bikes and a silver car .
2877159456_ea4a46b0d2.jpg;A man and woman with bicycles stand by a silver car .
2877159456_ea4a46b0d2.jpg;A man , woman and three bicycles are resting by a silver car .
2877159456_ea4a46b0d2.jpg;Two bicyclists stand by a silver car with three bikes .
2877159456_ea4a46b0d2.jpg;Two bike riders standing with 3 bikes parked at the car .
2886411666_72d8b12ce4.jpg;a black , brown and white dog is running beside a green fence in a grassy garden .
2886411666_72d8b12ce4.jpg;A dog is galloping through the grass .
2886411666_72d8b12ce4.jpg;A dog runs through a lush , green lawn .
2886411666_72d8b12ce4.jpg;A tri-colored dog is running on the green grass .
2886411666_72d8b12ce4.jpg;Dog running through grass in fenced in area .
2892413015_5ecd9d972a.jpg;A little blonde girl going up a hill .
2892413015_5ecd9d972a.jpg;A little girl in a green shirt and pink shorts is running up a grassy hill near a pavilion .
2892413015_5ecd9d972a.jpg;A young girl is walking up a steep grassy hill .
2892413015_5ecd9d972a.jpg;The child in the green shirt is running up the hill with a picnic table behind her .
2892413015_5ecd9d972a.jpg;The little blond haired child is walking up the slope .
2892992529_f3335d0a71.jpg;A black and white dog with a Frisbee in his mouth on his hind legs
2892992529_f3335d0a71.jpg;A black dog catches a Frisbee at a park .
2892992529_f3335d0a71.jpg;A black dog with an orange bandanna catches a white Frisbee .
2892992529_f3335d0a71.jpg;A large black and white dog is catching a Frisbee in the park with a crowd of people behind him .
2892992529_f3335d0a71.jpg;Dog catching the Frisbee .
2894229082_ddc395f138.jpg;A child with a pink hat and a white and pink shirt standing in grass .
2894229082_ddc395f138.jpg;A little girl in a football jersy and pink snow hat is standing on a football field .
2894229082_ddc395f138.jpg;A small child wearing a pink hat , bluejeans , and white shirt standing in a grass field .
2894229082_ddc395f138.jpg;A young girl wearing a pink hat stands on a grassy field .
2894229082_ddc395f138.jpg;A young girl with a pink hat on with a yellow building in the background .
2894850774_2d530040a1.jpg;Two elderly women can be seen from a car talking next to a wall .
2894850774_2d530040a1.jpg;Two gray-haired women holding bags talk on the sidewalk near a road .
2894850774_2d530040a1.jpg;Two older women conversing near a wall as seen from the driver 's seat of a parked vehicle .
2894850774_2d530040a1.jpg;Two older women stand outdoors with their bags and talk .
2894850774_2d530040a1.jpg;Two women carrying bags stand outside next to a wall .
2921112724_5cb85d7413.jpg;A man riding a three wheeled vehicle topples over .
2921112724_5cb85d7413.jpg;A person on a tricycle .
2921112724_5cb85d7413.jpg;I man is riding a 3 wheeled pedal bike and is airborne .
2921112724_5cb85d7413.jpg;Person in a 3-wheeler driving on 2 wheels .
2921112724_5cb85d7413.jpg;Someone is riding a three-wheeled vehicle throught a sandy playground .
2922973230_5a769ef92a.jpg;A female walking through grass .
2922973230_5a769ef92a.jpg;A girl going towards a heard of sheep .
2922973230_5a769ef92a.jpg;A girl walks toward a herd of sheep in the distance .
2922973230_5a769ef92a.jpg;A girl walks towards some sheep in a grassy valley .
2922973230_5a769ef92a.jpg;a woman walks to the cows .
2923497185_c64004ff2d.jpg;a brown and white dog is running through a white marker in a grassy field .
2923497185_c64004ff2d.jpg;A brown and white dog runs through an obstacle .
2923497185_c64004ff2d.jpg;A brown dog is running between two grey poles that are very close together .
2923497185_c64004ff2d.jpg;An Australian Shepherd dog runs through an obstacle .
2923497185_c64004ff2d.jpg;Long-haired dog moves quickly beneath two poles .
2923825744_ca125353f0.jpg;A football player is running with the ball .
2923825744_ca125353f0.jpg;A football player running with football under his arm .
2923825744_ca125353f0.jpg;A man in a football uniform is running with a football during a game .
2923825744_ca125353f0.jpg;One man in a blue jersey is running holding a football
2923825744_ca125353f0.jpg;The football player in black runs with the football .
2924870944_90ff9eca1a.jpg;A brown dog bolts towards the camera , with his tongue out and mouth open .
2924870944_90ff9eca1a.jpg;A brown dog runs over a dirt and grass background .
2924870944_90ff9eca1a.jpg;a dog running towards the camera
2924870944_90ff9eca1a.jpg;A dog with its tongue out of its mouth .
2924870944_90ff9eca1a.jpg;The brown dog is running along a grassy pathway .
2933643390_1c6086684b.jpg;football players wearing orange uniforms are tackling a player in a white uniform
2933643390_1c6086684b.jpg;A tackle in a football game .
2933643390_1c6086684b.jpg;Three footballers in a tackle .
2933643390_1c6086684b.jpg;Three men are involved in a football game are tackling each other .
2933643390_1c6086684b.jpg;two players take down the player with the ball in a football game
2934325103_e9b8d7430f.jpg;A biker rides on a dirt road .
2934325103_e9b8d7430f.jpg;A person on a bmx bike .
2934325103_e9b8d7430f.jpg;A person on a BMX bike is riding on an outdoor course .
2934325103_e9b8d7430f.jpg;A person rides his mountain bike down a dirt road very fast .
2934325103_e9b8d7430f.jpg;Dirt bike rider jumping down the hill .
2934379210_4e399e3cac.jpg;A boy in a red shirt and jean shorts jumping off a swing .
2934379210_4e399e3cac.jpg;A boy is jumping off a swing
2934379210_4e399e3cac.jpg;A boy is jumping off of a swing .
2934379210_4e399e3cac.jpg;a boy jumps off a swing .
2934379210_4e399e3cac.jpg;A boy jumps off a swing with his legs apart .
2937942758_712be5c610.jpg;A person is standing near a row of identical red and white bicycles .
2937942758_712be5c610.jpg;A woman is standing outside near many bicycles .
2937942758_712be5c610.jpg;A woman standing near a bike rack .
2937942758_712be5c610.jpg;A woman stands near a row of identical red bicycles .
2937942758_712be5c610.jpg;There is a row of red and white bikes all in a bike rack .
2939475047_84585ea45c.jpg;a football running back getting tackled
2939475047_84585ea45c.jpg;Football player tackles a player who has the ball , as a third player watches .
2939475047_84585ea45c.jpg;One football player attempts to get the ball from another football player who is running .
2939475047_84585ea45c.jpg;The American footballer in brown is tackling the player in whit who is running with the ball .
2939475047_84585ea45c.jpg;This is a football game in progress .
2952141476_fc9a48a60a.jpg;A man floating in the ocean .
2952141476_fc9a48a60a.jpg;A man has jumped from a surfboard up into the air .
2952141476_fc9a48a60a.jpg;A person above their surfboard on the water .
2952141476_fc9a48a60a.jpg;A person is out in the water at the beach while the sun sets .
2952141476_fc9a48a60a.jpg;The surfer lost his board and is about to fall into the sea .
2967549094_d32422eb01.jpg;a man inside of a white subway train
2967549094_d32422eb01.jpg;A man sits by a window on a train .
2967549094_d32422eb01.jpg;A man sits by the window in a train .
2967549094_d32422eb01.jpg;A man sits in the window of a train .
2967549094_d32422eb01.jpg;The side of a subway cart , with one man in the window .
2968693931_52d161b8e7.jpg;A kid skateboards down railings of a large set of stairs .
2968693931_52d161b8e7.jpg;An inline skater is grinding down a long rail .
2968693931_52d161b8e7.jpg;A skateboarder in midair above a large staircase and handrail .
2968693931_52d161b8e7.jpg;A teenage boy does tricks jumping across a railing .
2968693931_52d161b8e7.jpg;Skater rides skateboard down a long stair railing
2969380952_9f1eb7f93b.jpg;A few men sprint across the grass in competition with one another .
2969380952_9f1eb7f93b.jpg;A man in a grey shirt is winning a race in the grass .
2969380952_9f1eb7f93b.jpg;A man leads the way in a race .
2969380952_9f1eb7f93b.jpg;People running a race and the guy in grey is in the lead .
2969380952_9f1eb7f93b.jpg;Two men running outside in a competition .
297724467_e8918a6f90.jpg;A brown dog standing on a beach next to a blue Frisbee .
297724467_e8918a6f90.jpg;A dog shaking itself dry next to a blue Frisbee near to a body of water .
297724467_e8918a6f90.jpg;A dog shaking off water after playing in the water with a Frisbee .
297724467_e8918a6f90.jpg;The brown dog is shaking itself off .
297724467_e8918a6f90.jpg;Wet dog shaking off water on beach
2990977776_1ec51c9281.jpg;A boy is doing a stunt with his skateboard .
2990977776_1ec51c9281.jpg;A boy jumping a rail on his skateboard .
2990977776_1ec51c9281.jpg;A boy skateboarding .
2990977776_1ec51c9281.jpg;A young boy wearing a black shirt and brown pants practices jumping over a low bar on a skateboard .
2990977776_1ec51c9281.jpg;boy doing tricks on a skateboard
2992614450_b5a6692239.jpg;A bicyclist is jumping a horizontal wooden structure with countryside in front of him .
2992614450_b5a6692239.jpg;A dirt bike in midair
2992614450_b5a6692239.jpg;A man on a motorbike in midair
2992614450_b5a6692239.jpg;A person is in the air on a contraption that resembles a bicycle .
2992614450_b5a6692239.jpg;Someone on a dirt bike , high in the air , near a building .
2992999413_018f48aabc.jpg;a boy visits a Amish community .
2992999413_018f48aabc.jpg;A group of Amish people are standing outside of a church .
2992999413_018f48aabc.jpg;A group of people waiting to go into a white building .
2992999413_018f48aabc.jpg;Amish looking people are outside a building , standing near a tree .
2992999413_018f48aabc.jpg;A religious sect gathered together .
3004290523_d1319dfdb4.jpg;A man in a cast uses a camcorder while another man watches him .
3004290523_d1319dfdb4.jpg;A man makes a video while another watches .
3004290523_d1319dfdb4.jpg;A man with a cast films some video while another man smiles .
3004290523_d1319dfdb4.jpg;A man with a cast is using a camcorder to record an enjoyable event .
3004290523_d1319dfdb4.jpg;A man with an arm cast films something on video while another man is looking at the camera .
3004359992_f6b3617706.jpg;A group of girls in cheerleader clothing tosses another girl into the air with an athletic field in the background .
3004359992_f6b3617706.jpg;A group of young women , one up in the air .
3004359992_f6b3617706.jpg;Cheerleaders throw girl in air .
3004359992_f6b3617706.jpg;Five girls cheerleading .
3004359992_f6b3617706.jpg;The cheerleaders toss their fellow member in the air .
300922408_05a4f9938c.jpg;A black man and a large , golden dog are on the beach .
300922408_05a4f9938c.jpg;A black man and his dog on the beach .
300922408_05a4f9938c.jpg;A man kneels in the wet sand at a beach near a dog .
300922408_05a4f9938c.jpg;A man playing with his brown dog on the beach .
300922408_05a4f9938c.jpg;Man and dog standing on the beach .
3009644534_992e9ea2a7.jpg;a closeup photo of a small dog with a holey ball in his mouth .
3009644534_992e9ea2a7.jpg;A dog carrying a white ball .
3009644534_992e9ea2a7.jpg;A dog fetches a ball in a field .
3009644534_992e9ea2a7.jpg;A dog trots with a ball in its mouth .
3009644534_992e9ea2a7.jpg;The dog is carrying a whiffle ball outside
3016651969_746bd36e68.jpg;Movers getting furniture through a window on the second floor and amused passers by .
3016651969_746bd36e68.jpg;People are pulling something out of a second story window
3016651969_746bd36e68.jpg;People are walking on a street outside of a building .
3016651969_746bd36e68.jpg;People holding onto ropes while trying to get something through a window on the second floor .
3016651969_746bd36e68.jpg;People move furniture through the second-story window of a building using ropes and pulleys .
3019857541_3de3e24f54.jpg;A brown dog leaps in the air over colorful leafs
3019857541_3de3e24f54.jpg;A dog is jumping in the air over some leaves .
3019857541_3de3e24f54.jpg;A dog is running through a backyard full of leaves .
3019857541_3de3e24f54.jpg;A dog knocking over potted plants in a yard covered in leaves .
3019857541_3de3e24f54.jpg;The small brown dog is amidst the potted plants and fallen leaves .
3027009366_c8362521e8.jpg;A group of men play soccer on the field .
3027009366_c8362521e8.jpg;A man in a red uniform leaps in the air as one in a white uniform tries to kick a ball .
3027009366_c8362521e8.jpg;During a soccer game , one man is in the air while another has one foot down .
3027009366_c8362521e8.jpg;The soccer player in white is challenging the player in red for the ball in midair .
3027009366_c8362521e8.jpg;Two soccer teams are playing , one is in white the other in red .
3028404926_2bd27e3e83.jpg;A boy turns a handcrank in a courtyard .
3028404926_2bd27e3e83.jpg;A child turning a crank with benches behind him .
3028404926_2bd27e3e83.jpg;A young boy is standing on a gray tiled area .
3028404926_2bd27e3e83.jpg;A young boy standing in a courtyard turning a crank .
3028404926_2bd27e3e83.jpg;Young boy turning a crank in the street .
3030962048_f71948226c.jpg;An elderly indian lady is wearing an orange headscarf and bangles .
3030962048_f71948226c.jpg;an elderly woman smiles for the camera .
3030962048_f71948226c.jpg;A smiling old woman in India is covered by a safron shawl .
3030962048_f71948226c.jpg;A woman wearing an orange scarf smiles and looks at the camera .
3030962048_f71948226c.jpg;Old woman missing teeth stands with metal object in hand .
3035949542_cb249790f5.jpg;the legs of two athletes playing soccer on a field
3035949542_cb249790f5.jpg;The lower halves of two kids playing soccer
3035949542_cb249790f5.jpg;Two guys in soccer attire chasing a soccer ball .
3035949542_cb249790f5.jpg;Two people play soccer while three people watch .
3035949542_cb249790f5.jpg;Two soccer players chasing a ball in the grass .
3036971334_78187a9570.jpg;a blond man jumping off a cliff into some water
3036971334_78187a9570.jpg;A man is jumping off a rock into a pool of water while three others watch .
3036971334_78187a9570.jpg;Four people are cavorting on the rocks at a river 's edge
3036971334_78187a9570.jpg;People stand by a rocky cliff with water below .
3036971334_78187a9570.jpg;Three people on a rocky cliff over a body of water .
3038045802_93f2cd5fbc.jpg;A skier doing a high jump from a snowy ramp near a mountain range .
3038045802_93f2cd5fbc.jpg;A ski jumper enjoys winter fun .
3038045802_93f2cd5fbc.jpg;A snowboarder flies off of a jump which is next to a big red atomic sign .
3038045802_93f2cd5fbc.jpg;a snowboarder is up in the air having taken off from a big jump in a tournament .
3038045802_93f2cd5fbc.jpg;A snowboarder jumps off a large ramp in the mountains .
3042380610_c5ea61eef8.jpg;A group of people are standing around a sound mixing table .
3042380610_c5ea61eef8.jpg;A group of people looking at sound equipment .
3042380610_c5ea61eef8.jpg;People are inspecting sound equipment indoors .
3042380610_c5ea61eef8.jpg;People examine equipment .
3042380610_c5ea61eef8.jpg;Six people standing behind electrical equipment .
3042679440_010b2c596c.jpg;A brightly lit urban street with lots of people walking across a street .
3042679440_010b2c596c.jpg;A busy city street as people are walking .
3042679440_010b2c596c.jpg;A crowd scene in a downtown area .
3042679440_010b2c596c.jpg;Blurry people walking in the city at night .
3042679440_010b2c596c.jpg;Many people are walking on a busy street at night .
3044500219_778f9f2b71.jpg;Four girls in evening attire pose for a picture .
3044500219_778f9f2b71.jpg;four girls in evening wear are posing for a photograph .
3044500219_778f9f2b71.jpg;Four woman wearing formal gowns pose together and smile .
3044500219_778f9f2b71.jpg;Four women are standing together , posing for a picture .
3044500219_778f9f2b71.jpg;Four women in dresses pose together .
3049649128_d83d847168.jpg;A boy playing in a pile of dead leaves .
3049649128_d83d847168.jpg;A young boy is bursting out of a pile of dead leaves .
3049649128_d83d847168.jpg;A young boy is playing in leaves .
3049649128_d83d847168.jpg;A young boy with his eyes closed tossing leaves while sitting in a leaf pile .
3049649128_d83d847168.jpg;The child is playing in the leaves .
3053415073_5b667230ed.jpg;A person on skis on a rail at night .
3053415073_5b667230ed.jpg;A skier in electric green on the edge of a ramp made of metal bars .
3053415073_5b667230ed.jpg;A skier slides along a metal rail .
3053415073_5b667230ed.jpg;A yellow uniformed skier is performing a trick across a railed object .
3053415073_5b667230ed.jpg;The skier is wearing a yellow jumpsuit and sliding across a yellow rail .
3053813297_7ce5f87710.jpg;A heavy set couple sitting in lawn chairs on the grass with a brown dog at their feet .
3053813297_7ce5f87710.jpg;An elderly man and woman are sitting on lawn chairs holding onto the leash of a brown dog .
3053813297_7ce5f87710.jpg;People sit in chairs at a park with a dog .
3053813297_7ce5f87710.jpg;People sitting in chairs while dog lies in grass
3053813297_7ce5f87710.jpg;Some people in a park with a dog and folding chairs .
3056569684_c264c88d00.jpg;A damaged ambulance is being hauled on a truck bed down the road .
3056569684_c264c88d00.jpg;A wrecked ambulance is being towed .
3056569684_c264c88d00.jpg;Recked ambulance being towed by a large tow truck .
3056569684_c264c88d00.jpg;The ambulance on the flatbed truck was in a collision .
3056569684_c264c88d00.jpg;Wrecked ambulance is being towed by a large truck .
3065468339_4955e90fd3.jpg;A black dog looks into a pool of water .
3065468339_4955e90fd3.jpg;A black dog sniffing the ground near a body of water .
3065468339_4955e90fd3.jpg;A black dog with a red collar sniffs the ground .
3065468339_4955e90fd3.jpg;The dog is looking at the water .
3065468339_4955e90fd3.jpg;This hound is searching the water for his prey .
3067500667_0fce8f28d4.jpg;A cricket batsman has been bowled out middle stump .
3067500667_0fce8f28d4.jpg;A cricket player swings his bat , but misses .
3067500667_0fce8f28d4.jpg;A man is standing in front of some red sticks trying to hit a ball .
3067500667_0fce8f28d4.jpg;A man is swinging a paddle at a unique ball game .
3067500667_0fce8f28d4.jpg;A player hits the ball at a cricket game .
3067971348_69af5bb309.jpg;A cyclist is riding along a white line in a busy city center .
3067971348_69af5bb309.jpg;A girl is riding a bike and everyone is rushing by her in the city .
3067971348_69af5bb309.jpg;A stop action picture of a woman on a bicycle
3067971348_69af5bb309.jpg;Pedestrians and bikers crossing a busy street
3067971348_69af5bb309.jpg;The city at night .
3069937639_364fc11e99.jpg;A dog runs through a field .
3069937639_364fc11e99.jpg;A light colored dog leaps in a field .
3069937639_364fc11e99.jpg;A white dog is running across a grassy field .
3069937639_364fc11e99.jpg;A white dog runs through a field .
3069937639_364fc11e99.jpg;Small dog running in the field .
3071676551_a65741e372.jpg;A person rides the waves on a surfboard .
3071676551_a65741e372.jpg;A person surfing .
3071676551_a65741e372.jpg;A surfer is riding a wave .
3071676551_a65741e372.jpg;A surfer riding a large wave
3071676551_a65741e372.jpg;A surfer riding a surfboard in rough seas .
3076928208_5763e9eb8c.jpg;A black and tan dog jumping in the air in a grassy area in front of a fence .
3076928208_5763e9eb8c.jpg;A dog running with something in his mouth in the grass .
3076928208_5763e9eb8c.jpg;Black and tan dog with all paws off ground and yellow object in mouth .
3076928208_5763e9eb8c.jpg;The black and brown dog is playing in the yard .
3076928208_5763e9eb8c.jpg;The dog by the fence is running on the grass .
3081330705_7a1732e12c.jpg;A man is on top of a cliff overlooking a forest and lake .
3081330705_7a1732e12c.jpg;A man on a cliff .
3081330705_7a1732e12c.jpg;A man stands on a mountain overlooking trees and a lake .
3081330705_7a1732e12c.jpg;A man stands on a mountaintop looking over dry forests and lakes .
3081330705_7a1732e12c.jpg;The man has a blue shirt on and is standing in front of some snowy mountains .
3083016677_5782bc337c.jpg;Motorcyclists near the beach .
3083016677_5782bc337c.jpg;There are two motorcycles with a man and a woman on it .
3083016677_5782bc337c.jpg;Two guys with helmets are on motorcycles , each with a woman riding behind him
3083016677_5782bc337c.jpg;Two motorcycles and four riders are on the road .
3083016677_5782bc337c.jpg;Two motorcycles with two riders each .
3084001782_41a848df4e.jpg;A man and a woman read a book while their friend has a drink .
3084001782_41a848df4e.jpg;A woman holds a drink while a man and a woman examine a book .
3084001782_41a848df4e.jpg;A woman holding a red cup with a straw in it sits in front of a man and a woman looking at a book .
3084001782_41a848df4e.jpg;Three people are gathered for a picture .
3084001782_41a848df4e.jpg;Two women and a man are looking at a book .
3084034954_fe5737197d.jpg;A man at a casino hugging two colorfully dressed show girls .
3084034954_fe5737197d.jpg;A man in a white suit is standing with two women .
3084034954_fe5737197d.jpg;A man stands in the middle of two woman dressed in brightly colored costumes .
3084034954_fe5737197d.jpg;A white suited man stands between two showgirls in a casino foyer .
3084034954_fe5737197d.jpg;Two women in very colorful costumes stand next to a man dressed in all white .
3091382602_60b9b53ed1.jpg;A man in a white shirt and a man in a black shirt in a hallway .
3091382602_60b9b53ed1.jpg;A man in black and one in white posing indoors .
3091382602_60b9b53ed1.jpg;Two guys act silly and pose for a photo .
3091382602_60b9b53ed1.jpg;Two men are making hand gestures and posing for a picture .
3091382602_60b9b53ed1.jpg;Two smiling young men look at the camera .
3092756650_557c5f2d03.jpg;A group of Indian men are just standing around with their arms crossed .
3092756650_557c5f2d03.jpg;A group of men stand outside .
3092756650_557c5f2d03.jpg;Four men from another country look at the camera .
3092756650_557c5f2d03.jpg;Men wearing hats stand with arms folded .
3092756650_557c5f2d03.jpg;Several men wearing ethnic hats are watching the photographer in an outdoor market .
3094317837_b31cbf969e.jpg;A man rides a wave on a surfboard .
3094317837_b31cbf969e.jpg;A man wearing a black wetsuit is surfing in the water .
3094317837_b31cbf969e.jpg;A person on a surfboard riding a wave
3094317837_b31cbf969e.jpg;A person wearing a black wetsuit jumps high above a wave with a surfboard .
3094317837_b31cbf969e.jpg;A surfer on a red surfboard jumps over a high wave in the ocean .
3095225232_2e6e6dc92e.jpg;People are standing on an escalator moving up .
3095225232_2e6e6dc92e.jpg;people go up the escalator .
3095225232_2e6e6dc92e.jpg;People ride up an escalator .
3095225232_2e6e6dc92e.jpg;People travel up the elevator together .
3095225232_2e6e6dc92e.jpg;Several people ride up an escalator .
3104182973_5bb1c31275.jpg;A bunch of people near a christmas type tree .
3104182973_5bb1c31275.jpg;A couple hurrying past an urban ice skating park .
3104182973_5bb1c31275.jpg;Many people are outside watching ice skaters .
3104182973_5bb1c31275.jpg;People are skating in a outdoor rink around a huge Christmas tree .
3104182973_5bb1c31275.jpg;People walking by an outdoor ice rink with a tree in the center .
3106026005_473a7b1c8c.jpg;A man sits on a bench on a San Diego street .
3106026005_473a7b1c8c.jpg;A man wearing a coat and had sitting on a bench in the city .
3106026005_473a7b1c8c.jpg;A man wearing an orange cap sits on a white bench beside a blue trashcan .
3106026005_473a7b1c8c.jpg;Man hunched on gray bench marked SAN DIEGO , neat blue trashcan .
3106026005_473a7b1c8c.jpg;Man sitting on a bench on the sidewalk .
3106857210_07a92577fc.jpg;A girl in a yellow shirt walks with her hands in her pocket on a bridge .
3106857210_07a92577fc.jpg;A woman in a yellow shirt walks down a sunny street .
3106857210_07a92577fc.jpg;A woman in a yellow t-shirt and sunglasses walks down a sidewalk .
3106857210_07a92577fc.jpg;A woman outside on a street wearing a yellow shirt and sunglasses .
3106857210_07a92577fc.jpg;a young blond woman wearing a yellow shirt walking down a sidewalk .
3107558821_f3b205d4ed.jpg;Two girls take in the view .
3107558821_f3b205d4ed.jpg;Two woman stand on a building ledge and look down on a city .
3107558821_f3b205d4ed.jpg;Two women are standing next to a railing overlooking a city .
3107558821_f3b205d4ed.jpg;Two women look out at many houses below .
3107558821_f3b205d4ed.jpg;Two young girls look out to a town below them .
3117562746_62f57a02b5.jpg;a dog chases another dog .
3117562746_62f57a02b5.jpg;Two dogs are running through the snow with ball in their mouths .
3117562746_62f57a02b5.jpg;Two dogs holding red balls in their mouth , running in the snow .
3117562746_62f57a02b5.jpg;Two dogs in the snow
3117562746_62f57a02b5.jpg;Two tan dogs run in the snow carrying red balls in their mouths .
3118534315_cc03e5ddab.jpg;A man is recording something with a red flag behind him .
3118534315_cc03e5ddab.jpg;A man with a video camera is taping while another paints art while onlookers pass by .
3118534315_cc03e5ddab.jpg;A person holding a camera in front of a pole with writing on it .
3118534315_cc03e5ddab.jpg;Kid posts sign while a woman walks by and a young man hold a video camera
3118534315_cc03e5ddab.jpg;The man is shooting video of another writing on a pole .
3123463486_f5b36a3624.jpg;A brown , black , and white dog runs along on the gravel .
3123463486_f5b36a3624.jpg;A dog runs
3123463486_f5b36a3624.jpg;A little dog running on sand .
3123463486_f5b36a3624.jpg;The brown , white and black dog runs on a gravel surface .
3123463486_f5b36a3624.jpg;The dog is running across the gravel .
312427606_defa0dfaa8.jpg;A blond-hair girl is eating a peach .
312427606_defa0dfaa8.jpg;A girl eating a peach .
312427606_defa0dfaa8.jpg;A girl eats a peach .
312427606_defa0dfaa8.jpg;A little blond-haired girl enjoys eating a peach .
312427606_defa0dfaa8.jpg;A young girl with blonde hair eating a peach .
3124549928_10904a5a83.jpg;A boy in a brown jacket holds a large chunk of snow .
3124549928_10904a5a83.jpg;A boy wearing blue mittens gets ready to throw snow .
3124549928_10904a5a83.jpg;A child preparing to throw a snowball .
3124549928_10904a5a83.jpg;A young boy grins as he holds up a clump of snow .
3124549928_10904a5a83.jpg;A young boy in a brown jacket playing with snow .
3126773489_7ae425af17.jpg;a basketball player defends another player .
3126773489_7ae425af17.jpg;A man with a basketball blocks an attempt to take his ball .
3126773489_7ae425af17.jpg;Man runs by other man with basketball at a game .
3126773489_7ae425af17.jpg;The player in the white dribbles the ball , while the player in the orange tries to stop him .
3126773489_7ae425af17.jpg;Two men are playing during a basketball game .
3128514681_a51b415c31.jpg;Two ladies wearing dresses pose on the side of the road at night .
3128514681_a51b415c31.jpg;Two woman wearing dresses stand in the street and pose .
3128514681_a51b415c31.jpg;Two women in dresses pose on a street .
3128514681_a51b415c31.jpg;Two women on the side of a road .
3128514681_a51b415c31.jpg;Two women wearing dresses and heels posing under hanging lights on a street .
3132832452_c354c6396c.jpg;A family surrounds a baby in the father 's lap .
3132832452_c354c6396c.jpg;a family gathers in the living room .
3132832452_c354c6396c.jpg;A man is sitting on a couch holding a baby while surrounded by children .
3132832452_c354c6396c.jpg;A man sitting on a couch holding a baby , surrounded by three young girls .
3132832452_c354c6396c.jpg;Three little girls looking at a baby that a man is holding on his lap
3133825703_359a0c414d.jpg;A child staring at Santa .
3133825703_359a0c414d.jpg;A father and son looking at a funny looking Santa .
3133825703_359a0c414d.jpg;A little boy and his father talking to a man dressed as Santa Claws .
3133825703_359a0c414d.jpg;The child is looking at Santa Claus .
3133825703_359a0c414d.jpg;The little boy has a yellow crown and the man is wearing red velvet .
3134341610_3c55e373a7.jpg;A man and woman in masks and costume make a toast in front of a christmas tree .
3134341610_3c55e373a7.jpg;A woman in mask sits next to a man wearing a Santa suit and also in mask as they hold wine glasses next to a Christmas tree .
3134341610_3c55e373a7.jpg;Santa and a woman drink wine next to the christmas tree while wearing joke disguise glasses .
3134341610_3c55e373a7.jpg;Two people , one of whom is in a Santa costume , pose wearing funny glasses .
3134341610_3c55e373a7.jpg;Two people with silly disguises at Christmas time
3134644844_493eec6cdc.jpg;A man is playing a guitar for a little girl in a hospital .
3134644844_493eec6cdc.jpg;A man is playing the guitar for a child in a hospital bed
3134644844_493eec6cdc.jpg;A man plays a guitar for a sick child in a hospital
3134644844_493eec6cdc.jpg;A man plays guitar for a girl in the hospital .
3134644844_493eec6cdc.jpg;A man with a guitar playing to an ill little girl in a hospital bed .
3139238055_2817a0c7d8.jpg;Four people make a silly pose at the dinner table .
3139238055_2817a0c7d8.jpg;Four people smile and hold golden plates behind their heads .
3139238055_2817a0c7d8.jpg;friends posing for a picture while holding plates
3139238055_2817a0c7d8.jpg;Two men and two women hold gold plates behind their heads .
3139238055_2817a0c7d8.jpg;Two men and women pose for a camera with large gold plates held behind their heads .
3139895886_5a6d495b13.jpg;A black-and-white dog bounds off the ground , all feet in the air , of a yellow field .
3139895886_5a6d495b13.jpg;A black and white dog is jumping over high yellow grass .
3139895886_5a6d495b13.jpg;A black and white dog is jumping through a field of brown grass .
3139895886_5a6d495b13.jpg;a dog runs through the dry grass .
3139895886_5a6d495b13.jpg;The black and white dog runs through the field .
3145967019_1a83ebf712.jpg;Three smiling women , one with a shoulder bag , one with a blue cup and one using sign language are posing for a picture .
3145967019_1a83ebf712.jpg;Three women are drinking and hugging .
3145967019_1a83ebf712.jpg;Three women are posing for a picture
3145967019_1a83ebf712.jpg;Three women are posing together and smiling while one holds up a hand signal .
3145967019_1a83ebf712.jpg;Three women pose for a picture together .
3148647065_2d6cd88cf6.jpg;A dog is running through some dead leaves .
3148647065_2d6cd88cf6.jpg;a tan dog running through the grass with the background blurry
3148647065_2d6cd88cf6.jpg;A yellow dog with a collar running in a wooded area .
3148647065_2d6cd88cf6.jpg;Brown and tan dog runs through brown , leafy terrain
3148647065_2d6cd88cf6.jpg;Pale brown dog runs in blurred , rural scene .
3150315970_8f045c41a4.jpg;a couple leaning over a concrete railing inside of a building
3150315970_8f045c41a4.jpg;A man and a woman are looking at each other while standing on an elaborate indoor balcony .
3150315970_8f045c41a4.jpg;A man and a woman looking over a balcony at an elegant building
3150315970_8f045c41a4.jpg;A man and woman are gazing at each other on a balcony inside a building .
3150315970_8f045c41a4.jpg;A man and woman stand at a balcony looking at each other .
3150440350_b0f2a9e774.jpg;A man dressed in a military uniform bends over to speak to a person sitting on the sidewalk .
3150440350_b0f2a9e774.jpg;A man in sailor whites talks to a person seated on the ground .
3150440350_b0f2a9e774.jpg;a man sitting on the floor crying while another man is trying to comfort him .
3150440350_b0f2a9e774.jpg;A pilot is bending down to assist a man that is crying .
3150440350_b0f2a9e774.jpg;A sailor is checking on a man who is sitting on the ground crying .
3154709407_9b0778cbeb.jpg;A bald man dribbles a basketball while wearing a Miami jersey .
3154709407_9b0778cbeb.jpg;Man playing basketball , jersey number 5 .
3154709407_9b0778cbeb.jpg;Number five plays basketball for Miami .
3154709407_9b0778cbeb.jpg;The basketball player is wearing orange sneakers .
3154709407_9b0778cbeb.jpg;The number five Miami player dribbles down the court .
3155987659_b9ea318dd3.jpg;A black and white dog is catching a Frisbee in the yard .
3155987659_b9ea318dd3.jpg;A black and white dog is trying to catch a Frisbee in the air .
3155987659_b9ea318dd3.jpg;A dog jumps to catch a red Frisbee in the yard .
3155987659_b9ea318dd3.jpg;Dog is jumping up on a very green lawn to catch a Frisbee .
3155987659_b9ea318dd3.jpg;The black and white dog tries to catch a red Frisbee on green grass .
3157744152_31ace8c9ed.jpg;A barefoot man in his pajamas is looking toward the sky while walking on the tennis court .
3157744152_31ace8c9ed.jpg;A barefoot man walks across a tennis court .
3157744152_31ace8c9ed.jpg;A man in a blue shirt is walking barefoot .
3157744152_31ace8c9ed.jpg;a man wearing a blue shirt walking barefoot on a tennis court
3157744152_31ace8c9ed.jpg;The man is wearing a blue sweater and is barefoot on a court .
3159995270_17334ccb5b.jpg;A female skier in a green with pink flowers hat skiing .
3159995270_17334ccb5b.jpg;A woman skies
3159995270_17334ccb5b.jpg;A woman skiing
3159995270_17334ccb5b.jpg;A woman wearing a white coat skis down a snowy hill .
3159995270_17334ccb5b.jpg;The girl skies down the snowy mountain .
3160531982_37f5636b8a.jpg;A parachute is making his landing as the sunsets behind him .
3160531982_37f5636b8a.jpg;A person is parasailing as the sun sets .
3160531982_37f5636b8a.jpg;A person paraglides at sundown .
3160531982_37f5636b8a.jpg;A silhouette of a figure parachuting at sunset .
3160531982_37f5636b8a.jpg;With the sun rising , a person is gliding with a huge parachute attached to them .
3164415865_612f9fd8bc.jpg;sleds sled down the street
3164415865_612f9fd8bc.jpg;Children are sledding down a snowy hill .
3164415865_612f9fd8bc.jpg;Five children sledding down a snow-covered street .
3164415865_612f9fd8bc.jpg;Four children snow sledding down a hill .
3164415865_612f9fd8bc.jpg;The people ride down the road on sleds .
3167379087_927ff05a35.jpg;A bike racer in a red jersey is pursued by another rider wearing blue .
3167379087_927ff05a35.jpg;Man with red shirt on a red bike in front of two other people on bikes .
3167379087_927ff05a35.jpg;Three bicyclists racing up a dirt path through the forest .
3167379087_927ff05a35.jpg;Three bikers pedal up a forest trail .
3167379087_927ff05a35.jpg;Three men riding bikes through the woods .
3169591322_d0b6d0cd04.jpg;A man performs a skateboard trick in a parking lot .
3169591322_d0b6d0cd04.jpg;A person on a skateboard during a high jump .
3169591322_d0b6d0cd04.jpg;a skateboarder is airborne in front of some low brick buildings .
3169591322_d0b6d0cd04.jpg;A skateboarder is flying through the air on a red skateboard .
3169591322_d0b6d0cd04.jpg;A skateboarding soaring through the air in front of a blue building .
3170110692_d1e0e66cee.jpg;a couple each wearing a silly mask and holding a fake cigar
3170110692_d1e0e66cee.jpg;A man and a woman are dressed as Groucho Marx with fake cigars .
3170110692_d1e0e66cee.jpg;a man and a woman dress up .
3170110692_d1e0e66cee.jpg;A man and a woman wear funny masks and pretend to smoke large , fake cigars .
3170110692_d1e0e66cee.jpg;A woman and a man pose with Groucho Marx disguises .
3170856184_efabfd0297.jpg;A cricket player is bowling the ball as the batsman is getting ready to run .
3170856184_efabfd0297.jpg;A man winds up for pitching a cricket ball in a professional cricket game .
3170856184_efabfd0297.jpg;The two men are playing cricket in a stadium .
3170856184_efabfd0297.jpg;Two guys dressed in white play Cricket .
3170856184_efabfd0297.jpg;Two men with cricket equipment play on the field with an audience behind them .
3173461705_b5cdeef1eb.jpg;One dog is jumping up at another dog by a fence on a snowy day .
3173461705_b5cdeef1eb.jpg;Two blond dogs sniff one another .
3173461705_b5cdeef1eb.jpg;Two dogs in snow .
3173461705_b5cdeef1eb.jpg;Two dogs play in the snow
3173461705_b5cdeef1eb.jpg;Two tan dogs play in the snow .
3174228611_6cf9d2266b.jpg;a basketball player wearing a red and white jersey while running down the court .
3174228611_6cf9d2266b.jpg;A dark skinned man in a white sports outfit plays basketball .
3174228611_6cf9d2266b.jpg;A man dribbles a ball during a basketball game .
3174228611_6cf9d2266b.jpg;An SMU basketball player playing basketball .
3174228611_6cf9d2266b.jpg;The SMU basketball player drives to the basket .
3182258223_5b9c8a8c55.jpg;A woman in shadow looks at the camera while the one in the sun looks at a book .
3182258223_5b9c8a8c55.jpg;Girl stands reading a notebook .
3182258223_5b9c8a8c55.jpg;Two girls stand up against a red wall .
3182258223_5b9c8a8c55.jpg;Two young girls with headscarves stand near a door while one reads a book .
3182258223_5b9c8a8c55.jpg;Two young women wearing black head scarves and colorful skirts stand near a red door .
3182570190_48214e54c7.jpg;A giant billboard of a man 's abs
3182570190_48214e54c7.jpg;Pedestrians walk in front of an advertisement depicting a shirtless man in jeans .
3182570190_48214e54c7.jpg;people pass by a huge black and white poster of a male model unzipping his jeans .
3182570190_48214e54c7.jpg;People walk by a large advertisement of partially naked man .
3182570190_48214e54c7.jpg;Some people walk past a large billboard .
3182996527_70d9c323d5.jpg;A bicycle rider jumps off a ramp .
3182996527_70d9c323d5.jpg;A bmx rider performs a stunt beside a graffiti covered wall .
3182996527_70d9c323d5.jpg;A man in dark clothing on a bicycle in midair near a stunt ramp with graffiti behind him .
3182996527_70d9c323d5.jpg;A person on a bike is midair , twisting his body around the handlebars , with graffiti behind him .
3182996527_70d9c323d5.jpg;The person is on a bike .
3189251454_03b76c2e92.jpg;A brown dog barks surrounded by white snow .
3189251454_03b76c2e92.jpg;a dog wearing a black collar is standing open mouthed in the snow .
3189251454_03b76c2e92.jpg;A tan dog with a black collar barking in the snow .
3189251454_03b76c2e92.jpg;dog barking
3189251454_03b76c2e92.jpg;Dog standing in snow barking .
3195147187_a073d59fa8.jpg;A black dog lies on the floor while a brown dog stands behind him .
3195147187_a073d59fa8.jpg;A brown dog is jumping over a black dog that is laying down on a patio .
3195147187_a073d59fa8.jpg;A tiger striped pitbull jumps over a black and brown dog .
3195147187_a073d59fa8.jpg;one dog lying down while another jumps over him
3195147187_a073d59fa8.jpg;The black and tan dog is laying down with the smaller dog jumps over his back .
319851847_7212423309.jpg;A man is using a chainsaw on a statue .
319851847_7212423309.jpg;A man weilding a chainsaw carves a log into a Gnome .
319851847_7212423309.jpg;A man with a chainsaw is carving wood into a statue of a man .
319851847_7212423309.jpg;The fellow with the chainsaw and brown coveralls is carving a statue with a chainsaw .
319851847_7212423309.jpg;The man is carving a Santa out of wood .
3204354161_caf89ec784.jpg;a dirt biker performs a trick in midair ,
3204354161_caf89ec784.jpg;A driver gets high in the air with his motorbike .
3204354161_caf89ec784.jpg;A motocross racer does a trick in midair .
3204354161_caf89ec784.jpg;Man performing stunts with his motorcycle .
3204354161_caf89ec784.jpg;The man is hanging off the back of the motocross bike as it is jumping through the air .
3206999917_e682672cbc.jpg;A black , brown and white dog with his tongue out is in the snow
3206999917_e682672cbc.jpg;A black , white and brown dog waking in the snow with a red toy in its mouth near an icey tree .
3206999917_e682672cbc.jpg;A dog is walking along a snowy surface .
3206999917_e682672cbc.jpg;A young Lassie looking dog is in the snow .
3206999917_e682672cbc.jpg;The dog walking through the snow is licking his nose .
3211453055_05cbfe37cd.jpg;A man and a woman on a ski lift .
3211453055_05cbfe37cd.jpg;Two people are riding on a ski lift
3211453055_05cbfe37cd.jpg;Two skiers getting ready to jump off of a ski lift .
3211453055_05cbfe37cd.jpg;two skiers look down from the ski lift .
3211453055_05cbfe37cd.jpg;Two skiers , one in pink and one in black , ride on a ski lift .
3211556865_d1d9becf69.jpg;A man stands atop a mountain with arms extended .
3211556865_d1d9becf69.jpg;A person on top of a mountain with arms over head .
3211556865_d1d9becf69.jpg;A person stands at the top of a mountain and raises his arms .
3211556865_d1d9becf69.jpg;Man on top of a mountain with his arms in the air .
3211556865_d1d9becf69.jpg;The man is standing on the rocks above the river with his arms in the air .
3217291172_10ef70af88.jpg;two african-Americans stand in front of the building .
3217291172_10ef70af88.jpg;Two black males are posing for a picture with winter clothes on .
3217291172_10ef70af88.jpg;Two men are posing for a picture .
3217291172_10ef70af88.jpg;Two men are standing together in front of a white brick building .
3217291172_10ef70af88.jpg;Two men with glasses stand outside a stone building in the cold .
3220161734_77f42734b9.jpg;A blond haired child in a black outfit and red belt doing karate .
3220161734_77f42734b9.jpg;A child with a red sash practices martial arts .
3220161734_77f42734b9.jpg;A girl in a black outfit with a red sash and a black headband has one hand on her waist and one extended straight out .
3220161734_77f42734b9.jpg;A young boy wearing a black uniform with a red sash taking part in a martial arts exposition .
3220161734_77f42734b9.jpg;A young child with a red belt does a demonstration .
3223709894_97824ba76f.jpg;A brown dog runs in the grass with one ear up .
3223709894_97824ba76f.jpg;A fluffy dog runs in grass .
3223709894_97824ba76f.jpg;A shaggy dog is running through a grassy area .
3223709894_97824ba76f.jpg;a small brown puddle running through a grassy yard .
3223709894_97824ba76f.jpg;A small dog runs through the grass .
3225998968_ef786d86e0.jpg;A man on skis on a snow-covered hill with mountains in the background
3225998968_ef786d86e0.jpg;A man with red pants is skiing downhill .
3225998968_ef786d86e0.jpg;A person in red pants skis down a mountain .
3225998968_ef786d86e0.jpg;A skier in red pants is on a snow covered slope .
3225998968_ef786d86e0.jpg;This person is skiing .
3235746553_a40416c00e.jpg;A brown dog begins to run along a beach with a wave in the background .
3235746553_a40416c00e.jpg;A brown dog is running on sand next to the ocean .
3235746553_a40416c00e.jpg;A dog is galloping on the beach .
3235746553_a40416c00e.jpg;A dog is running along a beach in front of the ocean .
3235746553_a40416c00e.jpg;A dog leaps by the ocean .
3241965735_8742782a70.jpg;A parachute caught on a tree with some people on the ground shining a light at it .
3241965735_8742782a70.jpg;A person jumps up over the snow as their skis cross .
3241965735_8742782a70.jpg;A skier in midair
3241965735_8742782a70.jpg;A skier is doing a trick in the air at night .
3241965735_8742782a70.jpg;A skier makes a jump with his skis crossed .
3243020805_2bafc36c45.jpg;A boy is wielding a long white stick whilst some people are watching him from behind .
3243020805_2bafc36c45.jpg;A child swings a big white stick while others look on .
3243020805_2bafc36c45.jpg;a young boy swinging a stick about o hit something .
3243020805_2bafc36c45.jpg;A young boy swings a large stick as a crowd watches .
3243020805_2bafc36c45.jpg;The little boy swings a large white stick .
3249865395_dceaa59f54.jpg;a few people waing around at a train stop
3249865395_dceaa59f54.jpg;Five people on a sidewalk .
3249865395_dceaa59f54.jpg;five people standing on a sidewalk
3249865395_dceaa59f54.jpg;Three girls and a guy wait for a rail train .
3249865395_dceaa59f54.jpg;three people stand on the sidewalk .
3251906388_c09d44340e.jpg;Two dogs play tug-of-war with a dark object in the snow .
3251906388_c09d44340e.jpg;Two poodles playing tug-o-war
3251906388_c09d44340e.jpg;Two white poodles fighting over something in their mouths in the snow
3251906388_c09d44340e.jpg;Two white standard poodles playing tug of war in the snow .
3251906388_c09d44340e.jpg;two white standard poodles play with a toy in the snow
3252985078_c4ee2aca4e.jpg;A crowd of men wearing paper numbers on their shirts run in a race .
3252985078_c4ee2aca4e.jpg;A group of people are running a race .
3252985078_c4ee2aca4e.jpg;A large pack of men jog in a race .
3252985078_c4ee2aca4e.jpg;People with numbers on their chests are running in a pack .
3252985078_c4ee2aca4e.jpg;There is a large crowd of runners .
3263741906_6e4508d1c8.jpg;A dirty dog is running down a vacant road .
3263741906_6e4508d1c8.jpg;A dog is running on a pathway .
3263741906_6e4508d1c8.jpg;A dog running down a paved road .
3263741906_6e4508d1c8.jpg;A yellow dog runs down a dirt path .
3263741906_6e4508d1c8.jpg;Blonde dog running down road
3270047169_2ed289a9af.jpg;A boy on a skateboard rides down a red pole .
3270047169_2ed289a9af.jpg;A male youth is grinding a rail on his skateboard .
3270047169_2ed289a9af.jpg;A person skateboarding on a red rail .
3270047169_2ed289a9af.jpg;a skateboarder grinds a rail .
3270047169_2ed289a9af.jpg;The boy is performing a trick on a red rail with a skateboard .
3275537015_74e04c0f3e.jpg;Four girls are playing volleyball on a sandy beach near ocean .
3275537015_74e04c0f3e.jpg;Four girls in swimsuits are playing volleyball at the beach .
3275537015_74e04c0f3e.jpg;Four ladies in swimsuits play sand volleyball on the beach .
3275537015_74e04c0f3e.jpg;Four women in bikinis are playing volleyball on the beach .
3275537015_74e04c0f3e.jpg;Girls in bikinis are playing a game of volleyball near a body of water .
3280052365_c4644bf0a5.jpg;A crowd of people in the street at night .
3280052365_c4644bf0a5.jpg;A young girl sits atop a lady 's shoulders as they revel with the celebrating crowd .
3280052365_c4644bf0a5.jpg;Two woman and a child look at each other while a night party scene goes on behind them .
3280052365_c4644bf0a5.jpg;Two women and a child celebrating at a nighttime party .
3280052365_c4644bf0a5.jpg;Two women and one young girl are together in a crowded area .
3286045254_696c6b15bd.jpg;A basketball player concentrating on keeping the ball from other players .
3286045254_696c6b15bd.jpg;A basketball player holding a basketball .
3286045254_696c6b15bd.jpg;The basketball player in blue is running between two players in white .
3286045254_696c6b15bd.jpg;The man in blue has the basketball while the man on the left watches and the man on the right tries to stop him .
3286045254_696c6b15bd.jpg;Two basketball teams compete .
3286193613_fc046e8016.jpg;A brown dog bares its fangs .
3286193613_fc046e8016.jpg;A German shepherd on a leash barking up at somebody .
3286193613_fc046e8016.jpg;A leashed dog holds its mouth open wide .
3286193613_fc046e8016.jpg;Brown dog barking at something off camera , green background .
3286193613_fc046e8016.jpg;The brown and black dog has his mouth open .
3286198467_8880be127e.jpg;A brown dog is fetching something in its mouth on a field .
3286198467_8880be127e.jpg;A dog in a field holding something in its mouth .
3286198467_8880be127e.jpg;A dog is carrying something in his mouth .
3286198467_8880be127e.jpg;A dog with a choke collar is holding a gauntlet in its mouth .
3286198467_8880be127e.jpg;A large black and brown dog is carrying something in its mouth while walking on grass .
3286620180_4b00e93e8e.jpg;A crowd of people wearing red shirts runs along a city road .
3286620180_4b00e93e8e.jpg;A group of people in red are running down the road .
3286620180_4b00e93e8e.jpg;A large group of men and woman all wearing red t-shirts participate in a race .
3286620180_4b00e93e8e.jpg;The people in orange t-shirts are jogging on the street .
3286620180_4b00e93e8e.jpg;There are hundreds of people with red shirts running a marathon .
3286822339_5535af6b93.jpg;A busy city street with many people walking along it .
3286822339_5535af6b93.jpg;A couple walk to the side of a crowded walkway .
3286822339_5535af6b93.jpg;Chinese market street in the winter time .
3286822339_5535af6b93.jpg;People walk down a paved street that has red lanterns hung from the buildings .
3286822339_5535af6b93.jpg;People walking down street lined with Chinese lanterns .
3295391572_cbfde03a10.jpg;A boy plays a game with wooden blocks .
3295391572_cbfde03a10.jpg;A child playing with building blocks on a wooden table .
3295391572_cbfde03a10.jpg;A small boy is building with some wooden blocks .
3295391572_cbfde03a10.jpg;A small boy wearing a blue shirt stacks wooden blocks .
3295391572_cbfde03a10.jpg;Boy in blue shirt looking at someone 's hand near stack of blocks on table .
3295680663_af21ea648b.jpg;A man jumps train cars with his bike .
3295680663_af21ea648b.jpg;A man on a bmx bike jumps over a train
3295680663_af21ea648b.jpg;A person is in the air while riding his bicycle on top of the train on a clear blue sky day .
3295680663_af21ea648b.jpg;A person is jumping over a train car while on their bicycle .
3295680663_af21ea648b.jpg;A person on a bicycle moving across the top of a train .
3304030264_da3dd18c7b.jpg;A boy in black pants and green t-shirt jumps high with his skateboard .
3304030264_da3dd18c7b.jpg;A guy on a skateboard , jumping off some steps .
3304030264_da3dd18c7b.jpg;A person in a green shirt on a skateboard jumping off of a short set of stairs .
3304030264_da3dd18c7b.jpg;a skateboarder in a green shirt is taking a jump of a step in front of a pink building .
3304030264_da3dd18c7b.jpg;He is in the air on his skateboard .
3304712466_18cbdb85fe.jpg;Bicycle racers being cheered on by some people .
3304712466_18cbdb85fe.jpg;Bicycle road racers passing a group of cheering spectators .
3304712466_18cbdb85fe.jpg;Crowds cheer on cyclists as they complete a race to the finish .
3304712466_18cbdb85fe.jpg;People on bicycles riding through a group of onlookers .
3304712466_18cbdb85fe.jpg;Racers on bikes riding past a crowd .
330849796_c575c3108a.jpg;A girl asleep in a bus seat
330849796_c575c3108a.jpg;A woman , curled up , sleeps in her seat on a bus .
330849796_c575c3108a.jpg;A woman is asleep on a chair on a bus .
330849796_c575c3108a.jpg;A young lady , asleep on a train .
330849796_c575c3108a.jpg;The girl is sleeping in the seat .
3309042087_ee96d94b8a.jpg;a lone snowboarder jumping on the side of a snowy mountain .
3309042087_ee96d94b8a.jpg;A scene of snow and water .
3309042087_ee96d94b8a.jpg;A snowboarder jumping in the air off of snow .
3309042087_ee96d94b8a.jpg;A snowboarder is making a jump over a hillside with deep powder located in the woods .
3309042087_ee96d94b8a.jpg;A snowboarder jumps high over the snowy hill .
3309082580_7228067ee0.jpg;A bicycle racer in full helmet speeds through a dim forest .
3309082580_7228067ee0.jpg;A biker dressed in white rides through the forest .
3309082580_7228067ee0.jpg;A mountain biker wearing white races through a turn .
3309082580_7228067ee0.jpg;a person on a motorbike , riding through the woods
3309082580_7228067ee0.jpg;riding a bike through the woods
33108590_d685bfe51c.jpg;A young couple inspect merchandise from a street vendor .
33108590_d685bfe51c.jpg;People are gathering around a table of food and outside a taxi wisks by .
33108590_d685bfe51c.jpg;Three people prepare a table full of food with a police car in the background .
33108590_d685bfe51c.jpg;two people look at a street vendor .
33108590_d685bfe51c.jpg;Two women and a man at a food counter in dim lights .
3312779887_7682db7827.jpg;A person does a handstand with a snowboard on a yellow ramp .
3312779887_7682db7827.jpg;A snowboarder doing a handstand on a ramp .
3312779887_7682db7827.jpg;A snowboarder hangs upside down from his board during a maneuver in front of a crowd of people .
3312779887_7682db7827.jpg;A snowboarder is performing a stunt in front of a crowd of spectators .
3312779887_7682db7827.jpg;The snowboarder does a trick off of a yellow pyramid .
3317333893_9d0faa8d30.jpg;A black dog circumvents a wooden fence in a snowy yard .
3317333893_9d0faa8d30.jpg;A black dog leaps through the snow near a fence .
3317333893_9d0faa8d30.jpg;A black dog running away from a wooden fence with snow on the ground .
3317333893_9d0faa8d30.jpg;A black dog running through the snow .
3317333893_9d0faa8d30.jpg;A black dog wearing a red collar is running through snow next to a wooden fence .
3318564834_4ccea90497.jpg;A boy pauses in drawing on a white balloon to smile at the camera , and the girl next to him also smiles at the camera .
3318564834_4ccea90497.jpg;A brunette boy and girl smile for the camera while drawing faces on a white balloon .
3318564834_4ccea90497.jpg;A girl is smiling and a young man is drawing on a white balloon .
3318564834_4ccea90497.jpg;Two smiling people with dark hair .
3318564834_4ccea90497.jpg;Two young adults smile at the camera .
3325157569_8084ab3293.jpg;A basketball player aims for the goal .
3325157569_8084ab3293.jpg;A basketball player gets ready to shoot .
3325157569_8084ab3293.jpg;A basketball player has jumped in the air to shoot the basketball .
3325157569_8084ab3293.jpg;A basketball player in white jumping to throw the ball , audience in the back .
3325157569_8084ab3293.jpg;There is a college basketball player shooting a jumped .
3329169877_175cb16845.jpg;A lone snowboarder wearing a white jacket jumping into the air on the snowy mountains .
3329169877_175cb16845.jpg;A snowboarder flies through the air in front of leafless trees .
3329169877_175cb16845.jpg;a snowboarder gets some air .
3329169877_175cb16845.jpg;A snowboarder in green pants and a white jacket is jumping high in the air .
3329169877_175cb16845.jpg;Someone in green pants is on a white snowboard in the air .
3330102093_1d6e35e78d.jpg;A cyclist in a midair jump .
3330102093_1d6e35e78d.jpg;A man on a bike in the air he is wearing a blue hsirt and a yellow and white helmet .
3330102093_1d6e35e78d.jpg;A person has ridden their bicycle into the air .
3330102093_1d6e35e78d.jpg;A person riding a bike jumps through the air high above a bumpy racetrack .
3330102093_1d6e35e78d.jpg;Someone riding a bicycle is up in the air over a dirt and hill trail .
3333017828_b930b9d41b.jpg;A dog runs along a beach near the waves .
3333017828_b930b9d41b.jpg;A white and brown dog runs along the shoreline .
3333017828_b930b9d41b.jpg;A white and tan dog is running on a beach .
3333017828_b930b9d41b.jpg;A white dog is running on wet rocks .
3333017828_b930b9d41b.jpg;A white dog running along side a river
3338291921_fe7ae0c8f8.jpg;A brown dog in the snow has something hot pink in its mouth .
3338291921_fe7ae0c8f8.jpg;A brown dog in the snow holding a pink hat .
3338291921_fe7ae0c8f8.jpg;A brown dog is holding a pink shirt in the snow .
3338291921_fe7ae0c8f8.jpg;A dog is carrying something pink in its mouth while walking through the snow .
3338291921_fe7ae0c8f8.jpg;A dog with something pink in its mouth is looking forward .
3339105374_cc41e0b7d7.jpg;A woman in a red coat with a man in a white and black coat and a black dog in the snow .
3339105374_cc41e0b7d7.jpg;Two people and a dog are in the snow .
3339105374_cc41e0b7d7.jpg;Two people are interacting with a dog that has bitten an object one of them is holding .
3339105374_cc41e0b7d7.jpg;Two people are walking up a snowy hill with a dog .
3339105374_cc41e0b7d7.jpg;Two people playing on a snowy hill .
3341084434_db5e7d1fdc.jpg;A downhill slalom skier leaning through a turn .
3341084434_db5e7d1fdc.jpg;A person skiing down a snowy hill .
3341084434_db5e7d1fdc.jpg;A person wearing blue , white , and red gear skiing down a steep slope .
3341084434_db5e7d1fdc.jpg;A skier making a sharp turn on a slope .
3341084434_db5e7d1fdc.jpg;The skier is sliding on his side as he attempts the slalom
3343311201_eeb1a39def.jpg;An artist painting on a small canvas
3343311201_eeb1a39def.jpg;A woman standing on a lawn painting a picture .
3343311201_eeb1a39def.jpg;A woman wearing overalls standing at an easel painting a picture .
3343311201_eeb1a39def.jpg;Girl in blue coverall painting
3343311201_eeb1a39def.jpg;The lady holds her paintbrush next to the artist 's easel .
3344798356_5cc41f7939.jpg;A child is wearing a blue hat and snowsuit with red skis on their feet .
3344798356_5cc41f7939.jpg;A child skis across the snowy ground .
3344798356_5cc41f7939.jpg;A small child in a blue hat and coat skis on the snow .
3344798356_5cc41f7939.jpg;a young skier looks at the camera .
3344798356_5cc41f7939.jpg;There is a little child in a snowsuit on red skies in the snow .
3348384389_73b6647017.jpg;A brown and white dog with a pink collar is barking at a brown dog with a blue collar in the snow .
3348384389_73b6647017.jpg;A dark brown dog is biting at a lighter brown colored dog .
3348384389_73b6647017.jpg;The dog with the red collar is bearing its teeth at the dog with the blue collar .
3348384389_73b6647017.jpg;Two dogs are on a white carpet with one of the dogs showing its fangs .
3348384389_73b6647017.jpg;Two dogs , one with mouth open .
3349309109_4024a09a17.jpg;A boy and a girl ride on two seperate camels .
3349309109_4024a09a17.jpg;Two females ride camels backs .
3349309109_4024a09a17.jpg;two girls ride camels .
3349309109_4024a09a17.jpg;Two kids are riding camels nearby rural structures overlooked by mountains .
3349309109_4024a09a17.jpg;Two kids on camel back in desert
3349451628_4249a21c8f.jpg;A boy in a dusty alley playing stickball .
3349451628_4249a21c8f.jpg;A boy swings a piece of wood .
3349451628_4249a21c8f.jpg;A child swings a bat next to a stone wall .
3349451628_4249a21c8f.jpg;A young boy wearing a blue visor swings a bat .
3349451628_4249a21c8f.jpg;A young boy with a visor on plays ball with his bat in the street .
3353400143_8b9543f7dc.jpg;A man in a yellow outfit riding a yellow motorcycle .
3353400143_8b9543f7dc.jpg;A motorcyclist in yellow .
3353400143_8b9543f7dc.jpg;A motorcyclist in yellow and white rides his bike .
3353400143_8b9543f7dc.jpg;A yellow motorcycle drives down the road .
3353400143_8b9543f7dc.jpg;A yellow motorcycle is being ridden on a racetrack .
3354330935_de75be9d2f.jpg;A person is holding a camera while a skier does a trick .
3354330935_de75be9d2f.jpg;A skier doing a trick by a snow mound while a man films it with a camera .
3354330935_de75be9d2f.jpg;a skier is being filmed by a man with video camera on a jib .
3354330935_de75be9d2f.jpg;A skier wearing blue snow pants is flying through the air near a jump .
3354330935_de75be9d2f.jpg;A skier stands on his hands in the snow in front of a movie camera .
3359636318_39267812a0.jpg;A group of people are standing in front of some stores .
3359636318_39267812a0.jpg;People stand on a sidewalk outside of retail stores .
3359636318_39267812a0.jpg;People walking or talking on a city street .
3359636318_39267812a0.jpg;Several people in front of stores .
3359636318_39267812a0.jpg;Two people are talking outside of the video game shop next door to the mobile phone store .
3364160101_c5e6c52b25.jpg;A game of hockey is being played .
3364160101_c5e6c52b25.jpg;A man wearing a sports uniform runs down the field as another follows .
3364160101_c5e6c52b25.jpg;A player in purple , white , and black attempts to make a play near the end of a field .
3364160101_c5e6c52b25.jpg;number fiveteen runs with the lacrosse ball .
3364160101_c5e6c52b25.jpg;Two lacrosse players are running on the sports-field .
3367053761_8ec5834bf3.jpg;A girl with a bun is sitting at a desk .
3367053761_8ec5834bf3.jpg;Group of people , from behind , seated in a line of desks by windows in library .
3367053761_8ec5834bf3.jpg;People are sitting at desks in a library .
3367053761_8ec5834bf3.jpg;Person sitting at a desk in a library .
3367053761_8ec5834bf3.jpg;two people are sitting at desks by the windows in a library .
3373946160_1c82d54442.jpg;A black and brown dog rolls around in the grass .
3373946160_1c82d54442.jpg;A brown and black dog is rubbing his face in the grass .
3373946160_1c82d54442.jpg;A brown and black dog rubs his face in the grass .
3373946160_1c82d54442.jpg;A large dog rubs its face in the grass .
3373946160_1c82d54442.jpg;Black dog rolls head in grass .
3376439178_159e4126de.jpg;A skier flies through the air in front of a mountainous landscape .
3376439178_159e4126de.jpg;A skier is jumping in the air over a snowfield near a mountain range .
3376439178_159e4126de.jpg;A skier performs a high jump in a snow-covered valley .
3376439178_159e4126de.jpg;A snow skier is taking a huge leap over a snow slope .
3376439178_159e4126de.jpg;Skier in red jumping high in the air over the snow .
3381788544_2c50e139dd.jpg;A group of Asian girls are standing together .
3381788544_2c50e139dd.jpg;A group of asian women in sports attire , and one woman in the center is wearing a baseball cap .
3381788544_2c50e139dd.jpg;Four teenagers in dark clothes looking in various directions .
3381788544_2c50e139dd.jpg;There are several asian people , one wearing a baseball cap .
3381788544_2c50e139dd.jpg;Two girls laugh while other girls look on .
3386060324_b98fdfa449.jpg;A bicycler jumps a ramp outside in the dark night .
3386060324_b98fdfa449.jpg;A man is sitting on a bike in the middle of the woods .
3386060324_b98fdfa449.jpg;A person doing a trick on a bike
3386060324_b98fdfa449.jpg;A person in a black jacket is jumping through the air on a bike .
3386060324_b98fdfa449.jpg;Man on a motorcycle performing a trick in the air .
3386953179_84c2d7922f.jpg;A skier makes the only path on an empty mountain .
3386953179_84c2d7922f.jpg;A snowboarder in a red jacket slides down a snowy mountain .
3386953179_84c2d7922f.jpg;A snowboarder wearing a red jacket is going down a mountain .
3386953179_84c2d7922f.jpg;a snowboarder wearing red is descending a snow covered mountain .
3386953179_84c2d7922f.jpg;Skier in red skiing down a snowy mountain .
3391924827_53b31542ce.jpg;A biker flies through the air near sand dunes .
3391924827_53b31542ce.jpg;A biker holds onto their bike while in the air with a mountin in the background .
3391924827_53b31542ce.jpg;A cyclist jumping into the air
3391924827_53b31542ce.jpg;A person in the air holding on to a bicycle .
3391924827_53b31542ce.jpg;A person jumps high in the air holding onto their bicycle .
3396036947_0af6c3aab7.jpg;A boy on a swing .
3396036947_0af6c3aab7.jpg;A little boy is swinging on a swing beside some trees and a river .
3396036947_0af6c3aab7.jpg;A toddler swings back very high .
3396036947_0af6c3aab7.jpg;A young boy is riding a swing high in the air .
3396036947_0af6c3aab7.jpg;Small child swinging on a swing with trees in the background .
3396043950_12783c5147.jpg;A boy wearing a white apron has is arms out in a communal darts and craft room whilst a boy in blue looks on .
3396043950_12783c5147.jpg;A crowd of people gather for a meal indoors .
3396043950_12783c5147.jpg;A room full of adults and children .
3396043950_12783c5147.jpg;Children serving at a community dinner .
3396043950_12783c5147.jpg;people in a school cafeteria with a boy in the foreground wearing yellow and brown stripes
3397220683_4aca010f86.jpg;A golden retreiver standing outside in the snow with a person standing with skis and poles .
3397220683_4aca010f86.jpg;A man and a dog outside in a snow storm .
3397220683_4aca010f86.jpg;A person is standing on skis in the snow with a dog .
3397220683_4aca010f86.jpg;Person with skis and a dog are standing in the snow .
3397220683_4aca010f86.jpg;The man is skiing in the snow with a large brown dog .
3401647850_685c03ffff.jpg;A big , brown dog is shaking off while in the water .
3401647850_685c03ffff.jpg;A brown dog is in the water shaking its head .
3401647850_685c03ffff.jpg;A dog that is down in water is shaking off .
3401647850_685c03ffff.jpg;A large brown dog begins to shake while standing in the water .
3401647850_685c03ffff.jpg;The large dog wading in the water and shaking .
3405759441_fb31c80240.jpg;A bull rider hangs on tightly to a rope around a large , bucking bull 's back .
3405759441_fb31c80240.jpg;A man in bullfighting regalia rides a bull 's back .
3405759441_fb31c80240.jpg;A man wearing blue pants is riding a bucking bull .
3405759441_fb31c80240.jpg;A matador in a colorful outfit is riding a bull
3405759441_fb31c80240.jpg;Bullrider at a rodeo riding a bull .
3412822878_5d961492e5.jpg;A boy performs a skateboarding trick down a set of stairs .
3412822878_5d961492e5.jpg;A boy skateboards down the railing of some graffiti stairs
3412822878_5d961492e5.jpg;A boy with a blue shirt is standing on the railing of a flight of stairs .
3412822878_5d961492e5.jpg;A skateboarder slides down a handrail on his feet .
3412822878_5d961492e5.jpg;A teenage boy does tricks on his skateboard in an area with much graffiti .
3417102649_5c0b2f4b4d.jpg;A Dalmatian is playing near a tree .
3417102649_5c0b2f4b4d.jpg;A Dalmation chews on a small branch of a tree .
3417102649_5c0b2f4b4d.jpg;A Dalmation Dog bites a small branch on a tree while up on his hind legs .
3417102649_5c0b2f4b4d.jpg;A young dalmatian wears a hat next to a tree .
3417102649_5c0b2f4b4d.jpg;The spotted dog chews on a tree .
3421706363_a3e22a4908.jpg;A boy in dark pants and green t-shirt rides his bike up a ramp .
3421706363_a3e22a4908.jpg;A man is jumping his bicycle off a ramp in a skate park .
3421706363_a3e22a4908.jpg;A man wearing a yellow shirt jumps his bike over a ramp .
3421706363_a3e22a4908.jpg;A teen boy doing a bicycle trick on a bike ramp
3421706363_a3e22a4908.jpg;A young man is performing a bicycle jump on a ramp .
3425061393_d093edb8da.jpg;a man gets ready to hit the tennis ball .
3425061393_d093edb8da.jpg;A tennis player moving for a shot .
3425061393_d093edb8da.jpg;A tennis player with green a green headband on is ready to hit the ball .
3425061393_d093edb8da.jpg;Tennis champ Rafael Nadal lunges to return a ball .
3425061393_d093edb8da.jpg;Tennis player lunges to the left .
3425071001_e7c9809ef2.jpg;A boy hits a tennis ball on a court .
3425071001_e7c9809ef2.jpg;A boy hits a tennis ball with a black and yellow racket .
3425071001_e7c9809ef2.jpg;A boy hits a tennis ball with his tennis racquet .
3425071001_e7c9809ef2.jpg;A boy plays tennis .
3425071001_e7c9809ef2.jpg;A teenage boy hits a tennis ball with a racket .
3430779304_43a2146f4b.jpg;Two cowboys on horseback lasso a young calf to the ground .
3430779304_43a2146f4b.jpg;Two cowboys on horses wrangle a calf in a rodeo .
3430779304_43a2146f4b.jpg;Two cowboys rope a steer from horseback in an indoor corral .
3430779304_43a2146f4b.jpg;Two men ride horses and a calf runs between them .
3430779304_43a2146f4b.jpg;Two people on horses chasing cow in an arena .
3440724965_03d6ca5399.jpg;A man has his hand on his head while a speaker is speaking .
3440724965_03d6ca5399.jpg;A man in a suit touches his head while another speaks at a microphone .
3440724965_03d6ca5399.jpg;A man is scratching his head at a meeting while a person spoke .
3440724965_03d6ca5399.jpg;A man wearing a suit scratches the back of his head at a meeting .
3440724965_03d6ca5399.jpg;a picture taken from the back of osme kind of large meetinghall .
3441701164_6dbbdf1bce.jpg;a dirt bike rider holds up his finger .
3441701164_6dbbdf1bce.jpg;A man wearing a sponsor covered motorcycling suit sits on a motorbike raising his hand .
3441701164_6dbbdf1bce.jpg;A motorcycle racer is gesturing at somebody .
3441701164_6dbbdf1bce.jpg;A race car driver stands up with his hand pointing in the air .
3441701164_6dbbdf1bce.jpg;The person in the blue jacket has a colorful helmet on .
3443703471_14845d8850.jpg;A dog leaps over a barrier .
3443703471_14845d8850.jpg;A dog leaps over a fence .
3443703471_14845d8850.jpg;A dog leaps over a wooden fence as another is about to .
3443703471_14845d8850.jpg;"There are two dogs ; one leaps over the fence and the other tries to ."
3443703471_14845d8850.jpg;Two brown and black dogs are jumping a fence .
3445296377_1e5082b44b.jpg;A girl in a pink snowsuit splashes into dirty flood water next to a picnic table .
3445296377_1e5082b44b.jpg;A little girl dressed in pink is falling in water while another girl dressed in red watches .
3445296377_1e5082b44b.jpg;a young child in a pink snow outfit falling into a puddle .
3445296377_1e5082b44b.jpg;Two children play in the melting slush .
3445296377_1e5082b44b.jpg;Two kids are dressed up and playing in the water .
3451523035_b61d79f6a8.jpg;A few horses race each other on the track .
3451523035_b61d79f6a8.jpg;Muzzled greyhounds are racing along a dog track at night .
3451523035_b61d79f6a8.jpg;Race dog # 2 is ahead of a few other dogs .
3451523035_b61d79f6a8.jpg;Several greyhounds with numbered shirts racing around a track .
3451523035_b61d79f6a8.jpg;The dogs in numbered uniforms are running .
3468346269_9d162aacfe.jpg;A race car coming around a curve on a gravel course creating lots of dust
3468346269_9d162aacfe.jpg;A race car with a cloud of dust behind it
3468346269_9d162aacfe.jpg;A rally car kicks up dirt as it makes a sharp turn .
3468346269_9d162aacfe.jpg;Blue race car raises cloud of smoke on road as a crowd observes .
3468346269_9d162aacfe.jpg;Car racing on a dirt road
3474406285_01f3d24b71.jpg;a brown dog jumping over a blue and yellow stick .
3474406285_01f3d24b71.jpg;A brown dog jumping over a hurdle .
3474406285_01f3d24b71.jpg;A brown dog jumps over an obstacle .
3474406285_01f3d24b71.jpg;A dog jumps over a hurdle at a competition .
3474406285_01f3d24b71.jpg;The brown dog is jumping a hurdle over a yellow and black pole .
3475092236_cf45d383c7.jpg;A group of people are looking and taking photos of something off camera .
3475092236_cf45d383c7.jpg;A group of people are standing by a window watching something .
3475092236_cf45d383c7.jpg;A group of people clap and take pictures of an unseen subject .
3475092236_cf45d383c7.jpg;A group of people stand and wait to see something .
3475092236_cf45d383c7.jpg;Crow of people taking pictures and clapping .
347543966_b2053ae78c.jpg;A group of men stand outside a glass and steel building .
347543966_b2053ae78c.jpg;Three men are looking at a wall very intently in a city .
347543966_b2053ae78c.jpg;Three men stand in a glass area .
347543966_b2053ae78c.jpg;Three people in a glass structure .
347543966_b2053ae78c.jpg;Three people stand in an outdoor glass structure .
3476451861_5b9c9ce191.jpg;A bicyclist is performing a trick on a tall tree .
3476451861_5b9c9ce191.jpg;A person is riding a bike on a tree .
3476451861_5b9c9ce191.jpg;A person riding a bike with blue wheels on a tree trunk at night .
3476451861_5b9c9ce191.jpg;A young person doing a bike trick on a trunk of a tree .
3476451861_5b9c9ce191.jpg;Person is riding a bike with blue tires up a tree .
3477315700_52a4d740a5.jpg;A little girl in a harness is in midair on a sunny day .
3477315700_52a4d740a5.jpg;A little girl in a pink jacket and hat is swinging in a harness attached to yellow ropes .
3477315700_52a4d740a5.jpg;A young child jumps in a bungee seat in front of a blue sky and tree .
3477315700_52a4d740a5.jpg;Little girl in pink coat on a swing .
3477315700_52a4d740a5.jpg;The little girl wearing pink is having fun bungee jumping .
3481859121_3d3e566ec0.jpg;A group of people sitting on a sidewalk .
3481859121_3d3e566ec0.jpg;Girls sit on benches .
3481859121_3d3e566ec0.jpg;The girl is wearing silver shoes and a pink jacket .
3481859121_3d3e566ec0.jpg;The girls take a break in the afternoon .
3481859121_3d3e566ec0.jpg;Two teenage girls are texting in the park .
3482314155_bd1e668b4e.jpg;A bull is charging a man in an arena .
3482314155_bd1e668b4e.jpg;A guy is running away from a black bull .
3482314155_bd1e668b4e.jpg;A man in a bull ring is being charged down by the bull .
3482314155_bd1e668b4e.jpg;A man running away from a charging bull .
3482314155_bd1e668b4e.jpg;Man in ring bending backwards with a bull behind him .
3483140026_e14f64fdf5.jpg;A man in a hardhat stands beside a ladder .
3483140026_e14f64fdf5.jpg;A man in an orange jacket and white hat looks off camera .
3483140026_e14f64fdf5.jpg;A man is wearing a hardhat and orange jacket standing in front of a red ladder .
3483140026_e14f64fdf5.jpg;A person in a white helmet is standing next to a ladder .
3483140026_e14f64fdf5.jpg;A smiling construction worker with a white helmet .
3484625231_5b1a1a07b8.jpg;A football player in possession of the ball gets tackled by a football player on the opposing team .
3484625231_5b1a1a07b8.jpg;A football player leaps in the air while another tries to hold onto his foot .
3484625231_5b1a1a07b8.jpg;Male football player in orange and white uniform dodges tackle of another player .
3484625231_5b1a1a07b8.jpg;Two guys playing football .
3484625231_5b1a1a07b8.jpg;Two men during a football game
3484842724_ef1124c87a.jpg;A baseball player is trying to run to a base while the baseman catches the ball .
3484842724_ef1124c87a.jpg;A softball player runs towards first base while the pitcher attempts to throw her out .
3484842724_ef1124c87a.jpg;The first baseman makes hte catch just in time to get the runner out in this softball game .
3484842724_ef1124c87a.jpg;Three people play baseball on a field at a park .
3484842724_ef1124c87a.jpg;Three young women are playing softball .
3485486737_953f9d3be2.jpg;A man in the back of a van takes a picture of a yellow truck .
3485486737_953f9d3be2.jpg;a man looking out the back of his car looking at a yellow van behind
3485486737_953f9d3be2.jpg;A person riding in the back of one vehicle is looking down the road towards a yellow truck .
3485486737_953f9d3be2.jpg;Photographer shooting picture of yellow bus .
3485486737_953f9d3be2.jpg;Two people sit in shadow in the open back of a vehicle followed by another vehicle .
3486831913_2b9390ebbc.jpg;A brown dog on the grass next to a pond .
3486831913_2b9390ebbc.jpg;A brown dog runs through a grassy field
3486831913_2b9390ebbc.jpg;a brown dog wearing a blue collar is running on the grass .
3486831913_2b9390ebbc.jpg;A dog is lying in the grass with a body of water beside him .
3486831913_2b9390ebbc.jpg;The brown dog with a blue bandanna tied around its neck is laying in the grass by the water .
3487131146_9d3aca387a.jpg;A group of men stands near a tree as a racing car stirs up a cloud of dust on the gravel road beside them .
3487131146_9d3aca387a.jpg;A race car kicks up dirt and dust on a gravel track .
3487131146_9d3aca387a.jpg;Many people stand by watching a car smoke heavily .
3487131146_9d3aca387a.jpg;People are watching a race car speed thorugh the dirt .
3487131146_9d3aca387a.jpg;Six spectators watching a dirt racing car pass by in a cloud of dust .
3490528249_6aae9b867b.jpg;Two automobiles race each other and pour smoke from behind .
3490528249_6aae9b867b.jpg;Two drag racing cars resembling train locomotives are leaving the starting line .
3490528249_6aae9b867b.jpg;Two dragsters race down the track in front of a crowd of spectators watching the drag race from the stands .
3490528249_6aae9b867b.jpg;Two race cars speed along a track with smoke coming from the backs of them .
3490528249_6aae9b867b.jpg;Two rocket dragsters racing at a dragsters .
3503471307_464a8f588c.jpg;A boy is doing a jumping stunt on a bicycle in a run down street .
3503471307_464a8f588c.jpg;A boy is in the air on his bike .
3503471307_464a8f588c.jpg;A boy performs a one-handed trick on his bicycle by a rundown building .
3503471307_464a8f588c.jpg;A young man is pulling tricks on his bike in front of a warehouse .
3503471307_464a8f588c.jpg;The boy does a jumps his bike into the air .
350443876_c9769f5734.jpg;A little baby climbing up the ladder after someone .
350443876_c9769f5734.jpg;A little girl is climbing a ladder .
350443876_c9769f5734.jpg;A person on a ladder with a baby underneath .
350443876_c9769f5734.jpg;A person stands at the top of a ladder as a young girl begins to climb .
350443876_c9769f5734.jpg;A person stands on a ladder and a small child climbs at the bottom of the ladder .
3507076266_8b17993fbb.jpg;A man in a brown jacket is leading a black shire horse .
3507076266_8b17993fbb.jpg;A man walking a large black horse .
3507076266_8b17993fbb.jpg;Man in brown jacket leading black horse
3507076266_8b17993fbb.jpg;Man leads a black show horse as crowd observes .
3507076266_8b17993fbb.jpg;The man is walking with a draft horse
3507670136_2e5f94accf.jpg;A dirt biker is taking a large jump wearing a yellow suit .
3507670136_2e5f94accf.jpg;A man in yellow performs a bike trick .
3507670136_2e5f94accf.jpg;A motocross bike is jumping through the air over a dirt track .
3507670136_2e5f94accf.jpg;A person wearing yellow is taking a jump on a dirt bike .
3507670136_2e5f94accf.jpg;The motorcycle racer in a yellow uniform is in midair .
3518126579_e70e0cbb2b.jpg;A guy riding something down steps .
3518126579_e70e0cbb2b.jpg;A man skates down a long outdoor stairway .
3518126579_e70e0cbb2b.jpg;A young man attempts to ride a unicycle down an outdoor stairway stained with moss .
3518126579_e70e0cbb2b.jpg;the man is pedaling the tiny bike down the steps .
3518126579_e70e0cbb2b.jpg;Two men walk down a stone stairway , one is riding a unicycle .
351876121_c7c0221928.jpg;A big , brown dog is sleeping next to a small black and white cat .
351876121_c7c0221928.jpg;A cat sleeps nestled up to a dog .
351876121_c7c0221928.jpg;A dog and cat are snuggling up during a nap .
351876121_c7c0221928.jpg;A dog and cat laying down together .
351876121_c7c0221928.jpg;A small cat laying with a large dog
3522000960_47415c3890.jpg;A guy catches a wave on his surfboard
3522000960_47415c3890.jpg;A man is surfing a large wave in the ocean .
3522000960_47415c3890.jpg;A surfer catches a gnarly wave .
3522000960_47415c3890.jpg;A surfer rides in a wave tunnel .
3522000960_47415c3890.jpg;Surfer partially visible through crashing wave , shore in background .
352382023_7605223d1c.jpg;A dog carrying a stick while walking in water
352382023_7605223d1c.jpg;A dog with a stick in his mouth walking through water .
352382023_7605223d1c.jpg;A large brown dog with a stick in his mouth coming out of water .
352382023_7605223d1c.jpg;A wet dog carrying a stick in its mouth .
352382023_7605223d1c.jpg;Dog retrieving stick in water
3532194771_07faf20d76.jpg;A man is heading out to see with his surfboard in hand .
3532194771_07faf20d76.jpg;A man with a white surfboard is walking into the water .
3532194771_07faf20d76.jpg;A person walks into the water carrying a white surfboard .
3532194771_07faf20d76.jpg;A surfer walking into the ocean
3532194771_07faf20d76.jpg;Surfer with board marches out to sea on gray day .
3532782283_341f0381a3.jpg;Three people are facing the mountains .
3532782283_341f0381a3.jpg;Three people looking toward the mountains .
3532782283_341f0381a3.jpg;Three people stand looking in the direction of some mountains .
3532782283_341f0381a3.jpg;Three people watching the clouds in the mountains .
3532782283_341f0381a3.jpg;Three young adults gaze at the approaching storm .
3537400880_8f410d747d.jpg;A girl doing the splits in the air while jumping on a trampoline .
3537400880_8f410d747d.jpg;a young woman is jumping on a trampoline
3537400880_8f410d747d.jpg;Girl in black and white top and black leggings jumping on trampoline .
3537400880_8f410d747d.jpg;The girl is jumping on a trampoline , outdoors in a backyard .
3537400880_8f410d747d.jpg;Young woman jumping on trampoline .
3539767254_c598b8e6c7.jpg;A gondola is steered through the canals with other boats around .
3539767254_c598b8e6c7.jpg;A man is steering a gondola with people in it down a river with buildings all around .
3539767254_c598b8e6c7.jpg;a man rowing a ganilla down a watery path
3539767254_c598b8e6c7.jpg;Man in a gondola in a canal .
3539767254_c598b8e6c7.jpg;The gondola is poling his boat in the canal .
3551447084_becc6a4666.jpg;A dirt bike racer takes offf as others watch .
3551447084_becc6a4666.jpg;A motocross rider is traveling along a dirt path with people watching .
3551447084_becc6a4666.jpg;A person on a dirt bike is riding up a hill while people watch on the side .
3551447084_becc6a4666.jpg;A person riding a dirt bike .
3551447084_becc6a4666.jpg;Person riding dirt bike on track while others stand by track
3559374748_f18c7caa55.jpg;a blue and grey race car driving on a dirt track .
3559374748_f18c7caa55.jpg;A person driving a drag racer on dirt .
3559374748_f18c7caa55.jpg;A person is in a race car on a track with a lot debri .
3559374748_f18c7caa55.jpg;A race car driver is driving his car through the mud .
3559374748_f18c7caa55.jpg;The blue and gray vehicle is racing through the gravel .
3560081723_62da0035bd.jpg;A man driving a four-wheeler off-road .
3560081723_62da0035bd.jpg;A man riding an ATV makes a jump over a dirt road .
3560081723_62da0035bd.jpg;A racer on an ATV leaves the ground in a jump .
3560081723_62da0035bd.jpg;person wearing a helmet on a four wheeled bike in air
3560081723_62da0035bd.jpg;The man does a trick on the fourwheeler .
3563673070_71fa0903ed.jpg;A kayaker in a red kayak paddles as an orange kayak approaches from behind .
3563673070_71fa0903ed.jpg;A man in a red kayak in the water .
3563673070_71fa0903ed.jpg;A man in a red kayak paddles through blue water .
3563673070_71fa0903ed.jpg;a man paddling a red kayak
3563673070_71fa0903ed.jpg;Man paddles red kayak , orange kayak in background .
3565749152_7924d15b04.jpg;A dog catches a Frisbee in the front yard .
3565749152_7924d15b04.jpg;A dog playing Frisbee in the front yard , next to a car .
3565749152_7924d15b04.jpg;A white dog catches a red Frisbee in the grass .
3565749152_7924d15b04.jpg;a white dog jumping in the air to catch a red Frisbee .
3565749152_7924d15b04.jpg;The dog leaps to catch the Frisbee in its mouth .
3576259024_9c05b163aa.jpg;A man in blue jumping a dirt bike .
3576259024_9c05b163aa.jpg;A man on a dirt bike , airborne .
3576259024_9c05b163aa.jpg;A man on a motorcycle is jumping over a dirt hill in front of spectators .
3576259024_9c05b163aa.jpg;A motocross rider wearing a blue uniform flies through the air .
3576259024_9c05b163aa.jpg;A person in blue on a bike in midair .
357725852_6f55cb9abc.jpg;The two people are on the end of the dock with a boat behind them , and they are surrounded by water .
357725852_6f55cb9abc.jpg;Two people are looking out into the water at the end of a wooden jetty .
357725852_6f55cb9abc.jpg;Two people are standing at the end of a wooden dock .
357725852_6f55cb9abc.jpg;Two people stand on a dock , looking out onto a lake .
357725852_6f55cb9abc.jpg;Two people stand on a dock looking out to a great lake .
3581818450_546c89ca38.jpg;A big light brown dog runs on the green grass .
3581818450_546c89ca38.jpg;A brown dog is running through green grass .
3581818450_546c89ca38.jpg;A yellow dog running across a lush green lawn .
3581818450_546c89ca38.jpg;A yellow dog runs through green grass .
3581818450_546c89ca38.jpg;Long haired dog running on a lawn
3583065748_7d149a865c.jpg;A black and a black dog are running .
3583065748_7d149a865c.jpg;A black and white dog chases a bigger dog across the grass .
3583065748_7d149a865c.jpg;One dog chases another in the grass .
3583065748_7d149a865c.jpg;Two brindle dogs running in the grass .
3583065748_7d149a865c.jpg;Two dogs run through the grass .
3583516290_1c87a13770.jpg;A crowd scene with people in yellow and white native clothing .
3583516290_1c87a13770.jpg;A group of people dressed in festive outfits is gathered outside building .
3583516290_1c87a13770.jpg;many woman wearing yellow stand in the street .
3583516290_1c87a13770.jpg;People dressed in bright costumes of white and yellow feathers
3583516290_1c87a13770.jpg;People wearing colorful costumes and headresses march through the streets .
3584406900_039f30b34c.jpg;A group of children are playing on swings .
3584406900_039f30b34c.jpg;A shirtless man is standing next to two children balancing on a swing .
3584406900_039f30b34c.jpg;A topless man passes four children who are playing on a swing .
3584406900_039f30b34c.jpg;Kids are playing on a swing set as a man with no shirt on walks by .
3584406900_039f30b34c.jpg;Two boys swing standing up on a yellow swing set
3587596696_9c5964c94d.jpg;A Frisbee team huddles around a Frisbee , each holding a part of it .
3587596696_9c5964c94d.jpg;A group of people hold a Frisbee with their fingers .
3587596696_9c5964c94d.jpg;A group of people put two of their fingers on a Frisbee .
3587596696_9c5964c94d.jpg;people put their hands on a Frisbee .
3587596696_9c5964c94d.jpg;several young children with their fingertips on the egde of a white Frisbee
3587781729_bd21ce7b11.jpg;This picture shows a blond-haired boy and brown-haired boy smiling while swinging on a tire swing .
3587781729_bd21ce7b11.jpg;Two children are laughing and playing in a tire swing at a park .
3587781729_bd21ce7b11.jpg;Two child share a swing in a playground .
3587781729_bd21ce7b11.jpg;Two kids are swinging together on a tire swing .
3587781729_bd21ce7b11.jpg;Two kids enjoy a tire swing .
3601533527_6c2439113c.jpg;A man is partially silhouetted and leaning against a dark object .
3601533527_6c2439113c.jpg;A man leaning on a pole .
3601533527_6c2439113c.jpg;A man wearing a baseball cap leaning against a post .
3601533527_6c2439113c.jpg;The man is leaning against a tree .
3601533527_6c2439113c.jpg;The man is standing outside next to a wooden phone pole .
3603064161_a8f3b6455d.jpg;A child uses a camera as another child looks on .
3603064161_a8f3b6455d.jpg;A little girl is standing next to another little girl who is taking a photograph .
3603064161_a8f3b6455d.jpg;A small boy and small girl setting up a camera
3603064161_a8f3b6455d.jpg;Child taking a picture while sister leans on the wall .
3603064161_a8f3b6455d.jpg;One child behind a camera on a tripod with one child in a beige shirt and black shorts standing against the wall .
3604384383_db6805d1b9.jpg;A man and a woman about to kiss each other .
3604384383_db6805d1b9.jpg;A woman in blue and a man in red are about to kiss with foliage nearby .
3604384383_db6805d1b9.jpg;A woman is leaning back into a man 's arms as they look each other in the face .
3604384383_db6805d1b9.jpg;Guy Kisses girl
3604384383_db6805d1b9.jpg;The blond man is dancing with a woman outside .
361092202_3d70144ebd.jpg;A hiker discovers a feature in an otherwise barren landscape .
361092202_3d70144ebd.jpg;A hiker passes a white rock formation in the middle of an empty desert .
361092202_3d70144ebd.jpg;A man hiking with a large backpack and two poles near a collection of pointy white rocks .
361092202_3d70144ebd.jpg;A man with a backpack looks upon white objects on the ground .
361092202_3d70144ebd.jpg;Person hiking up a rocky slope with white objects in front of them .
3613005134_bb7f304da1.jpg;An opposing wrestler is jumping off the top ropes onto another wrestler .
3613005134_bb7f304da1.jpg;A wrestler is jumping off of the ring to hit his competitor .
3613005134_bb7f304da1.jpg;A wrestler is ready to jump on another wrestler outside the ring .
3613005134_bb7f304da1.jpg;One professional wrestler leaps onto another outside the ring .
3613005134_bb7f304da1.jpg;Two men are wrestling .
3623302162_099f983d58.jpg;A dog is attempting a turn by a nearby picnic bench and metal object .
3623302162_099f983d58.jpg;A white dog running next to a bench .
3623302162_099f983d58.jpg;The big white dog is running in the grass .
3623302162_099f983d58.jpg;The white dog is running around in the grass .
3623302162_099f983d58.jpg;White dog with collar running in fenced in grassy area
3628103548_2708abcda2.jpg;a band performs .
3628103548_2708abcda2.jpg;A blonde woman stands behind a microphone .
3628103548_2708abcda2.jpg;An old woman singing and playing music .
3628103548_2708abcda2.jpg;A woman playing guitar and singing in the foreground and three others performing behind her .
3628103548_2708abcda2.jpg;A woman singing and playing an acoustic guitar and three people accompanying her .
3628698119_5566769777.jpg;A black dog is in action on a grassy area .
3628698119_5566769777.jpg;A black dog is jumping up on its back legs while standing on the grass .
3628698119_5566769777.jpg;a black lab jumps into the air .
3628698119_5566769777.jpg;A dog rears up on its hind legs in a yard .
3628698119_5566769777.jpg;The black dog is pouncing on something in the yard .
3629664676_36bcefe6b7.jpg;A black dog pulling a green rope
3629664676_36bcefe6b7.jpg;a black dog pulling on a green rope in the grass
3629664676_36bcefe6b7.jpg;A black dog tugs on a rope .
3629664676_36bcefe6b7.jpg;A dog pulling a rope .
3629664676_36bcefe6b7.jpg;The black dog is tugging at a green rope .
3630641436_8f9ac5b9b2.jpg;Three dogs are running in the water on the beach .
3630641436_8f9ac5b9b2.jpg;Three dogs entering the ocean .
3630641436_8f9ac5b9b2.jpg;Three dogs rush to chase a ball thrown into the surf .
3630641436_8f9ac5b9b2.jpg;Three dogs walking away on the waters edge of the shore .
3630641436_8f9ac5b9b2.jpg;Three large dogs are playing in the water at the beach .
3631810528_7233c0f421.jpg;A man sits next to a woman on a bus .
3631810528_7233c0f421.jpg;The back of two people sitting on one seat in a bus .
3631810528_7233c0f421.jpg;Two people are sitting on a tram during the nighttime .
3631810528_7233c0f421.jpg;Two people are sitting on the bus at nighttime .
3631810528_7233c0f421.jpg;two people being photographed from behind sitting on a bus
3636418958_f038130bb2.jpg;A girl in hot pink leotard is leaping through the air .
3636418958_f038130bb2.jpg;A gymnast vaults through the air .
3636418958_f038130bb2.jpg;a young girl wearing a pink leotard jump in midair
3636418958_f038130bb2.jpg;Group of gymnast look on as a girl in a red bodysuit completes a stunt .
3636418958_f038130bb2.jpg;The gymnast is wearing a red outfit and jumping .
3638631362_af29bbff01.jpg;A man holding up a big , yellow tent .
3638631362_af29bbff01.jpg;A man holding up a yellow tent .
3638631362_af29bbff01.jpg;A man holds a tent on a mountain campsite .
3638631362_af29bbff01.jpg;A person is picking up a yellow tent by his or herself in the great outdoors .
3638631362_af29bbff01.jpg;The man holds his tent up over his head .
3639684919_cb6fbf5638.jpg;A bride in a white dress is holding a purple bouquet whilst standing next to her groom .
3639684919_cb6fbf5638.jpg;A couple pose on their wedding day .
3639684919_cb6fbf5638.jpg;A man and woman in a dark suit and formal white dress smile for a picture .
3639684919_cb6fbf5638.jpg;A wedding photo of a bride with purple flowers and her groom .
3639684919_cb6fbf5638.jpg;A young couple in wedding outfits poses for a picture .
3640407952_bb38fb9d55.jpg;A man doing a skateboard trick on a skateboard ramp
3640407952_bb38fb9d55.jpg;A man in a red shirt make a skateboard jump on a ramp with graffiti .
3640407952_bb38fb9d55.jpg;a skateboarder is performing stunt on a graffiti covered skateboard ramp .
3640407952_bb38fb9d55.jpg;A skateboarder on a ramp .
3640407952_bb38fb9d55.jpg;Man skateboarding off of a ramp .
3640417354_b0b3e4aec9.jpg;A girl crouched up over a swing at the park , spinning around .
3640417354_b0b3e4aec9.jpg;A girl is kneeling on a swing at the park .
3640417354_b0b3e4aec9.jpg;A girl with a red shirt and long brown hair is laying across a twisted swing with sand underneath .
3640417354_b0b3e4aec9.jpg;A young girl in a red shirt swings face down on the swings .
3640417354_b0b3e4aec9.jpg;Girl is playing at park on a swing .
3648988742_888a16f600.jpg;A girl holding a camera .
3648988742_888a16f600.jpg;A little girl in a pink , floppy hat takes a photograph with a big camera .
3648988742_888a16f600.jpg;A little girl in a pink hat holds a camera to her face .
3648988742_888a16f600.jpg;a young girl wearing a pink hat holding a camera up to her face .
3648988742_888a16f600.jpg;Young girl in pink hat taking pictures .
3653764864_225958c9c1.jpg;A number of people ascending a zig-zag ramp with bright blue railings .
3653764864_225958c9c1.jpg;People are walking up a zigzag patterned ramp in front of a building .
3653764864_225958c9c1.jpg;People are walking up a blue railed walk-way .
3653764864_225958c9c1.jpg;Several people walking up a ramp with a blue handrail .
3653764864_225958c9c1.jpg;Six people are walking up a blue ramp
3660361818_e05367693f.jpg;A skateboarder flies through the air over the staircase of a sleek contemporary building .
3660361818_e05367693f.jpg;A skateboarder leaps of steps outside a corporate building .
3660361818_e05367693f.jpg;People sitting on steps with large buildings in the background
3660361818_e05367693f.jpg;Skateboarders are doing tricks on a staircase next to mirror buildings .
3660361818_e05367693f.jpg;Someone skateboarding over steps surrounded by buildings .
3666188047_e81e1d97a7.jpg;A boy rides a game machine .
3666188047_e81e1d97a7.jpg;A child in a yellow shirt is playing a red arcade ride .
3666188047_e81e1d97a7.jpg;A child rides a mechanical ride .
3666188047_e81e1d97a7.jpg;A small boy is playing a racing arcade game .
3666188047_e81e1d97a7.jpg;a young man playing a motorcycle video game .
3670907052_c827593564.jpg;A BMX rider in a red and black outfit is jumping on his motorcycle .
3670907052_c827593564.jpg;A dirt biker flies through the air .
3670907052_c827593564.jpg;A guy in red on a bike in midair .
3670907052_c827593564.jpg;A man in a red outfit jumps his motocross bike down the hill .
3670907052_c827593564.jpg;Someone in red on a bike is moving in midair .
3673970325_4e025069e9.jpg;A girl in a white shirt kneeling down lighting a candle .
3673970325_4e025069e9.jpg;A girl is amid many candle lanterns .
3673970325_4e025069e9.jpg;A girl kneels down by a rows of candles .
3673970325_4e025069e9.jpg;A young girl kneels beside rows of candles while others walk by .
3673970325_4e025069e9.jpg;young girl kneels on a grassy field filled with candles
3676561090_9828a9f6d0.jpg;A dog rolls in the grass .
3676561090_9828a9f6d0.jpg;A small white dog rolls over on the grass .
3676561090_9828a9f6d0.jpg;A tan dog rolls in the grass .
3676561090_9828a9f6d0.jpg;The grey dog is rolling on its back on the grass .
3676561090_9828a9f6d0.jpg;The yellow dog wears a blue dog tag and rolls on a green field .
3683185795_704f445bf4.jpg;A girl and a boy watch a dog try to climb a tree .
3683185795_704f445bf4.jpg;Boy and girl look on a puppy climbs tree
3683185795_704f445bf4.jpg;The dog that the two children are walking is looking up at a tree .
3683185795_704f445bf4.jpg;The two children watch the small yellow dog on the tree .
3683185795_704f445bf4.jpg;Two children are with a dog on leash who is standing against a tree .
3684562647_28dc325522.jpg;A bus is carrying people while decorated with banners in the colors of the rainbow .
3684562647_28dc325522.jpg;A group of people on a bus with colorful flags wave at the people below .
3684562647_28dc325522.jpg;People are waving from a bus covered in rainbow flags .
3684562647_28dc325522.jpg;People in a tall bus wave while holding colorful flags .
3684562647_28dc325522.jpg;People riding on a tour bus in a parade wave to the bystanders .
3685328542_ab999b83bb.jpg;A dark man in a white and green feathered mask with green jewelry and pants .
3685328542_ab999b83bb.jpg;A man in a costume participates in a parade .
3685328542_ab999b83bb.jpg;A man in a green and silver Mardi Gras costume in a parade .
3685328542_ab999b83bb.jpg;A man is wearing a mask , green beads and green pants .
3685328542_ab999b83bb.jpg;Man dresses up in Hawaiian garb at a local parade .
3687996279_05b5a2a706.jpg;A man in a uniform smiling and waving at the camera .
3687996279_05b5a2a706.jpg;A man in a uniform waves while holding a banner during an event .
3687996279_05b5a2a706.jpg;A man in uniform waves and smiles at camera
3687996279_05b5a2a706.jpg;A police officer waves at a street fair .
3687996279_05b5a2a706.jpg;The man in a black uniform and hat , holding part of a banner , is waving .
3688839836_ba5e4c24fc.jpg;A woman is holding out a peace sign during a parade .
3688839836_ba5e4c24fc.jpg;A woman wearing a red scarf raises her hand as she walks in a parade .
3688839836_ba5e4c24fc.jpg;People in orange shirts marching down street with Unified In Pride sign
3688839836_ba5e4c24fc.jpg;The woman in the red shirt is holding up a peace sign with her fingers with a red banner behind her .
3688839836_ba5e4c24fc.jpg;The woman is flashing a peace sign .
3697359692_8a5cdbe4fe.jpg;A boy is sitting in a car seat in the backseat of a car .
3697359692_8a5cdbe4fe.jpg;A boy making a face while sitting in his car seat
3697359692_8a5cdbe4fe.jpg;A boy sitting in a car making a surprised face
3697359692_8a5cdbe4fe.jpg;A young boy is buckled into a car seat making a silly face .
3697359692_8a5cdbe4fe.jpg;The young boy with a silly face is buckled in a car seat .
3700004668_99c3e3f55b.jpg;A boy with his mouth wide open dressed in a yellow life jacket and goggles in water with a man next to him .
3700004668_99c3e3f55b.jpg;A father and child enjoy the water .
3700004668_99c3e3f55b.jpg;A man and child wearing a yellow life vest look up from the water .
3700004668_99c3e3f55b.jpg;An open mouthed child in goggles and a yellow life vest poses with a smiling man .
3700004668_99c3e3f55b.jpg;Man and boy wearing life jacket in water posing for a picture
3706653103_e777a825e4.jpg;a bicyclist wearing a helmet jumping a trick on his back tire
3706653103_e777a825e4.jpg;A guy on his bike doing a truck on a rocky beach .
3706653103_e777a825e4.jpg;A man is performing a trick on a bicycle at a rocky beach .
3706653103_e777a825e4.jpg;A man on a white bike doing tricks on rocky ground .
3706653103_e777a825e4.jpg;A man pops a wheelie on a bike on a rocky beach .
3710468717_c051d96a5f.jpg;Two children and a black dog are playing out in the snow .
3710468717_c051d96a5f.jpg;Two children and a dog play in the snow with a woods behind them .
3710468717_c051d96a5f.jpg;Two children and a dog running around in snow .
3710468717_c051d96a5f.jpg;two children and their dog play in the snow .
3710468717_c051d96a5f.jpg;Two kids and a dog play in the snow .
3715559023_70c41b31c7.jpg;A girl is sitting on a rock next to a waterfall .
3715559023_70c41b31c7.jpg;An onlooker sits on the shore of a pool overlooked by massive waterfalls .
3715559023_70c41b31c7.jpg;A person sits on a rock at the edge of a large waterfall .
3715559023_70c41b31c7.jpg;A person sitting on a rock by a fall .
3715559023_70c41b31c7.jpg;A woman is sitting on a rock next to a large waterfall .
3716244806_97d5a1fb61.jpg;A family sitting on rocks posing for the camera .
3716244806_97d5a1fb61.jpg;The couple have children sitting in their laps on the rocky hillside .
3716244806_97d5a1fb61.jpg;The four people sit on a pile of rocks .
3716244806_97d5a1fb61.jpg;Two adults and two children pose on a pile of rocks .
3716244806_97d5a1fb61.jpg;Two adults and two children sitting on rocks for a picture
3718007650_e5930b4509.jpg;A girl with a black dress and big white bow stands with her back to the camera .
3718007650_e5930b4509.jpg;many people gather outside .
3718007650_e5930b4509.jpg;People stand outside watching something .
3718007650_e5930b4509.jpg;People with costumes are gathered in a wooded area looking the same direction .
3718007650_e5930b4509.jpg;"The back of a woman in costume ; little girl looks at her"
3726629271_7639634703.jpg;Four dogs are playing and jumping in the air outside .
3726629271_7639634703.jpg;Four dogs jumping in the air in a field .
3726629271_7639634703.jpg;Four dogs look at an object in the sky , one jumping to reach it .
3726629271_7639634703.jpg;Four dogs watch an unseen object , two of them leaping in the air .
3726629271_7639634703.jpg;Two dogs on hind legs and two seated dogs are looking at something in the air .
373219198_149af371d9.jpg;A dog standing in a rocky area .
373219198_149af371d9.jpg;A small brown dog stands on a driveway near wooden poles with his tongue sticking out .
373219198_149af371d9.jpg;Orange dog looks over shoulder , near posts in rural area .
373219198_149af371d9.jpg;The golden dog is standing by logs in a parking lot .
373219198_149af371d9.jpg;The light brown dog is in an uncrowded parking lot
380041023_0dfd712ef1.jpg;A brown and black dog runs through the leaves .
380041023_0dfd712ef1.jpg;A brown dog is running .
380041023_0dfd712ef1.jpg;A brown dog with a red collar jumping across a leafy lawn .
380041023_0dfd712ef1.jpg;A dog with a brindle-colored coat is running across the yard .
380041023_0dfd712ef1.jpg;The brown dog is wearing a red collar .
384465575_31294122c0.jpg;A man and a woman are biking on a sunny day .
384465575_31294122c0.jpg;Man and woman cyclists ride pass signs on rural road .
384465575_31294122c0.jpg;Two bicyclists ride down a hill .
384465575_31294122c0.jpg;Two friends bike down a hill .
384465575_31294122c0.jpg;Two people are riding their bicycles on a dirt road
386655611_1329495f97.jpg;A black dog carries a huge stick in its mouth .
386655611_1329495f97.jpg;A black dog is carrying a huge stick whilst walking in the snow .
386655611_1329495f97.jpg;A dog carries a huge , snow covered stick .
386655611_1329495f97.jpg;A dog carries a very large tree branch in the snow .
386655611_1329495f97.jpg;The brown and white dog carries a very large stick across the snow .
386656845_4e77c3e3da.jpg;A black dog and a brown dog are standing next to each other in the snow .
386656845_4e77c3e3da.jpg;A little tan dog is in confrontation with a large black dog in the snow .
386656845_4e77c3e3da.jpg;A scruffy golden dog meeting a black Doberman in the snow .
386656845_4e77c3e3da.jpg;Two dogs in the snow .
386656845_4e77c3e3da.jpg;Two dogs standing in snow .
390671130_09fdccd52f.jpg;A black and white dog stands on the grass with a baseball in his mouth
390671130_09fdccd52f.jpg;A closeup of a small black and white dog with a baseball in its mouth .
390671130_09fdccd52f.jpg;Black and white dog holding a baseball in mouth .
390671130_09fdccd52f.jpg;Brown and white dog with baseball in mouth , field and building .
390671130_09fdccd52f.jpg;brown and white dog with a baseball in its mouth .
390986651_c801db91a0.jpg;A person peaks their head out of a tent set up in a snowy field .
390986651_c801db91a0.jpg;A woman emerges from her snow covered tent .
390986651_c801db91a0.jpg;a woman sticking her head out of her tent on the side of a snowy moutnain .
390986651_c801db91a0.jpg;A woman wearing glasses and a hat pokes her head through the door of a tent on a snowy day .
390986651_c801db91a0.jpg;The camper opens up to see snow all around .
397601572_9587a39291.jpg;The back of two men 's heads riding on a train .
397601572_9587a39291.jpg;The backs of the heads of two men that are plugging their ears while riding the subway .
397601572_9587a39291.jpg;Two guys are sharing headphones and are listening to music on a subway .
397601572_9587a39291.jpg;Two men on a busy subway , seen from behind ,
397601572_9587a39291.jpg;Two people sitting together on a subway listening to earphones .
405537503_f66ecc5073.jpg;A blond climber with a white shirt is scaling a stone cliff .
405537503_f66ecc5073.jpg;a lone man climbing the side of a large rock wall .
405537503_f66ecc5073.jpg;A person climbing a rock face .
405537503_f66ecc5073.jpg;a rock climber
405537503_f66ecc5073.jpg;A young man is climbing up a rock face with one rope dangling down .
410413536_11f1127c46.jpg;A man kneels on a dock while a dog jumps in the water next to him .
410413536_11f1127c46.jpg;A man on a narrow dock plays with his dog that is jumping out of the water .
410413536_11f1127c46.jpg;A woman kneeling on a dock throws a ball to a dog that is jumping in the water .
410413536_11f1127c46.jpg;A woman kneels at the edge of a dock reaching toward a dog leaping nearby in the water .
410413536_11f1127c46.jpg;Dog leaps from water while woman kneels on the dock playing with him
420355149_f2076770df.jpg;A child in a green cap sits at a boats controls .
420355149_f2076770df.jpg;A little kid dressed in blue , playing in a boat ,
420355149_f2076770df.jpg;A small child in a cap is sitting on a large seat with hands through a steering wheel .
420355149_f2076770df.jpg;A small child in a pretend car .
420355149_f2076770df.jpg;The boy has his arms through the steering wheel
421808539_57abee6d55.jpg;A brown dog walks through snow .
421808539_57abee6d55.jpg;A brown puppy walking through the snow .
421808539_57abee6d55.jpg;A dog looks curious at adventures lying ahead in the snow .
421808539_57abee6d55.jpg;A dog walking in the snow
421808539_57abee6d55.jpg;A yellow puppy walking through the snow .
424506167_01f365726b.jpg;A large and small dog interact in a grassy field .
424506167_01f365726b.jpg;A small brown jumps in the air as a big brown dog watches .
424506167_01f365726b.jpg;A small dog stands next to a larger dog , out in a field .
424506167_01f365726b.jpg;Two dogs standing in the field .
424506167_01f365726b.jpg;Two dogs stand side by side in the yard .
426805536_d1d5e68c17.jpg;A bearded man reads while sitting on a wall in a park .
426805536_d1d5e68c17.jpg;a man reads his paper on the bench .
426805536_d1d5e68c17.jpg;A man wearing a red shirt sits on a cement bench and reads the paper .
426805536_d1d5e68c17.jpg;An old man sits outside reading a newspaper .
426805536_d1d5e68c17.jpg;An old man with a white beard is reading .
427082246_5bf1c3676f.jpg;a man in a yellow shirt training a black poodle
427082246_5bf1c3676f.jpg;A man in a yellow sweatshirt and black pants plays with a black poodle .
427082246_5bf1c3676f.jpg;A man wearing a yellow shirt is playing with his black poodle .
427082246_5bf1c3676f.jpg;a man wearing a yellow sweater playing with a black dog in a grassy field
427082246_5bf1c3676f.jpg;Man in yellow jacket teaching his black dog to do a trick .
430803349_a66c91f64e.jpg;A brown dog holding a buoy in its mouth in the water
430803349_a66c91f64e.jpg;A dog carries an object in the water .
430803349_a66c91f64e.jpg;A dog running through water with a white toy in its mouth .
430803349_a66c91f64e.jpg;The black dog is in the water with a white object in its mouth .
430803349_a66c91f64e.jpg;The black dog retreived the white toy in the water .
436009777_440c7679a1.jpg;A couple are sitting on a rock in front of a street .
436009777_440c7679a1.jpg;A man and a woman sit on a rock beside a street .
436009777_440c7679a1.jpg;Two people sit on a large rock near a city street .
436009777_440c7679a1.jpg;Two people sitting on a rock in a city park .
436009777_440c7679a1.jpg;Two people talk while sitting on a big rock .
439037721_cdf1fc7358.jpg;Two men sitting on the bank of a lake with an ice chest .
439037721_cdf1fc7358.jpg;Two people having a picnic by a lake .
439037721_cdf1fc7358.jpg;Two people having a picnic by the shore .
439037721_cdf1fc7358.jpg;Two people sitting on grass in front of a lake looking at the sky .
439037721_cdf1fc7358.jpg;Two people with hats looking at a lake while sitting on a yellow-grassed hill .
439049388_3dcee2d30b.jpg;People , possibly fishermen , with their boats in shadow on shore at an orangesunset
439049388_3dcee2d30b.jpg;A man in an orange vest is standing next to a yellow canoe .
439049388_3dcee2d30b.jpg;People tend canoes at the edge of a body of water during a dimly lit time of day .
439049388_3dcee2d30b.jpg;The men are getting their kayaks secured on the beach for the night .
439049388_3dcee2d30b.jpg;Two men standing on the shore beside their kayaks at dusk .
446138054_d40c66d5f0.jpg;A man in an orange hat jumping .
446138054_d40c66d5f0.jpg;A man jumps in the middle of a rocky desert .
446138054_d40c66d5f0.jpg;A man wearing a white shirt and an orange shirt jumped into the air .
446138054_d40c66d5f0.jpg;Man in khaki pants does elaborate kick in desert
446138054_d40c66d5f0.jpg;Man jumping with a rock formation in background .
458213442_12c59e61a0.jpg;A black and white dog is jumping over a hurdle .
458213442_12c59e61a0.jpg;A black and white dog jumps over a bar in an agility test .
458213442_12c59e61a0.jpg;A dog jumps over a hurdle on a grass field .
458213442_12c59e61a0.jpg;A dog leaps over a bar on an obstacle course
458213442_12c59e61a0.jpg;The black and white dog jumps over an obstacle .
460478198_83039f2593.jpg;A dog chasing another dog by a lake .
460478198_83039f2593.jpg;A husky chasing a brown spoted dog at the shore .
460478198_83039f2593.jpg;Two dogs , a spaniel and a husky , chase each other across the sand by a body of water .
460478198_83039f2593.jpg;Two dogs chase each other near the water .
460478198_83039f2593.jpg;Two dogs playing by the shore .
461019788_bc0993dabd.jpg;A couple stands on a dock by the water hugging .
461019788_bc0993dabd.jpg;A stone dock and a couple hugging at the end , water behind .
461019788_bc0993dabd.jpg;Two people are hugging at the end of a stone jetty that looks out over the ocean .
461019788_bc0993dabd.jpg;Two people embrace on the end of a dock .
461019788_bc0993dabd.jpg;Two people stand on the pier looking at the ocean and embrace .
472396131_6e97068d93.jpg;A puppy catching a bird
472396131_6e97068d93.jpg;A small white dog holds a bird in its mouth as it runs in a field .
472396131_6e97068d93.jpg;A white dog carries a gray bird in a field .
472396131_6e97068d93.jpg;A white puppy is carrying a black bird in its mouth .
472396131_6e97068d93.jpg;The dog returns with the hunter 's bird .
472535997_0dbf42b9f3.jpg;two african toddlers dressed in pink are playing in a sparsely decorated kitchen .
472535997_0dbf42b9f3.jpg;Two girls in pink dresses dance and clap .
472535997_0dbf42b9f3.jpg;Two little girls in pink are dancing .
472535997_0dbf42b9f3.jpg;Two little girls wearing pink outfits dance together .
472535997_0dbf42b9f3.jpg;Two very young girls in pink dance inside .
47870024_73a4481f7d.jpg;A boy in yellow is riding a scooter on the street .
47870024_73a4481f7d.jpg;A boy on a scooter .
47870024_73a4481f7d.jpg;A boy wearing a helmet rides a scooter in a suburban neighborhood .
47870024_73a4481f7d.jpg;A child on a scooter is jumping the curb .
47870024_73a4481f7d.jpg;a young boy wearing an orange helmet riding a scooter
488408004_a1e26d4886.jpg;A child in formal clothing is walking along the edge of a stony area that is littered in places .
488408004_a1e26d4886.jpg;A little boy with a blue jacket is making a sour face at the camera .
488408004_a1e26d4886.jpg;A young boy wearing a light blue jacket walks across the brick patio .
488408004_a1e26d4886.jpg;A young boy with a blue coat makes a funny face as he walks towards the grass .
488408004_a1e26d4886.jpg;The young boy is walking wearing a blue jacket , a black sweater and white collared shirt .
492341908_1ef53be265.jpg;Two girls are riding a 4 wheeler .
492341908_1ef53be265.jpg;Two girls are sitting on an ATV on the sand in front of a bridge .
492341908_1ef53be265.jpg;Two girls riding an ATV .
492341908_1ef53be265.jpg;Two kids are posing on a black ATV that is on top of sand .
492341908_1ef53be265.jpg;Two young girls drive an ATV .
493542985_c85ad29ebe.jpg;A girl is rowing in a lake .
493542985_c85ad29ebe.jpg;a girl sits on a skinny canoe .
493542985_c85ad29ebe.jpg;A woman sits in a rowing scull and looks behind her at a dock .
493542985_c85ad29ebe.jpg;A woman sitting in a rowboat
493542985_c85ad29ebe.jpg;Girl in a thin rowboat leaving the dock of a lake .
494221578_027f51cdf4.jpg;A girl in a pink jacket is going headfirst down a red slide .
494221578_027f51cdf4.jpg;A girl slides on a red slide
494221578_027f51cdf4.jpg;A small girl sliding headfirst down a shiny red slide .
494221578_027f51cdf4.jpg;a toddler in a pink coat is laying front down on a red slide .
494221578_027f51cdf4.jpg;Girl in pink coat is sliding down a red slide on her stomach .
497791037_93499238d8.jpg;a boy jumping off a swing
497791037_93499238d8.jpg;A boy jumps off a swing on the swing set when its high enough .
497791037_93499238d8.jpg;A child in a white shirt coming out of a swing in midair .
497791037_93499238d8.jpg;A young boy leaps off a swing .
497791037_93499238d8.jpg;The boy wearing white is leaping from the swing .
498794783_cc2ac62b47.jpg;A girl in a dress is blowing bubbles with another girl behind her .
498794783_cc2ac62b47.jpg;Girls blow bubbles outdoors .
498794783_cc2ac62b47.jpg;There are two young girls in colorful dresses blowing bubbles .
498794783_cc2ac62b47.jpg;Two girls in colourful dresses blowing bubbles at a park .
498794783_cc2ac62b47.jpg;Two little girls wearing bright dresses are blowing bubbles with bubble wands .
500678178_26ce0f4417.jpg;A child lies in the hay with only a head and arm showing .
500678178_26ce0f4417.jpg;A young child is covered in straw except for the head and left arm .
500678178_26ce0f4417.jpg;Child playing and hiding underneath hay .
500678178_26ce0f4417.jpg;Girl hides in hay .
500678178_26ce0f4417.jpg;The child is playing hide and seek in the hay .
508261758_78fb8ae067.jpg;Three girls fell on top of one another and are laughing histerically .
508261758_78fb8ae067.jpg;Three girls pile on top of each other on the concrete .
508261758_78fb8ae067.jpg;Three girls playing on the ground .
508261758_78fb8ae067.jpg;Three teenage girls rolling all over each other on the ground , laughing
508261758_78fb8ae067.jpg;Three young girls play wrestling and laugh a lot .
509778093_21236bb64d.jpg;a brown and white dog chasing a ball on some grass .
509778093_21236bb64d.jpg;a brown and white dog has is playing with a white ball on the grass .
509778093_21236bb64d.jpg;A collie plays with a white ball in a field of green grass .
509778093_21236bb64d.jpg;A orange dog playing with a white ball on green grass .
509778093_21236bb64d.jpg;A small brown dog paws at a white ball
514990193_2d2422af2c.jpg;A woman is laying on a striped couch on a grassy yard in a residential neighborhood .
514990193_2d2422af2c.jpg;A woman lays on a sofa in a yard .
514990193_2d2422af2c.jpg;A woman lies down on an old couch sitting on the grass .
514990193_2d2422af2c.jpg;Girl poses on couch on suburban lawn .
514990193_2d2422af2c.jpg;There is a couch sitting on grass with a girl in jeans and light brown hair on it .
522486784_978021d537.jpg;A black dog and a brown dog close together .
522486784_978021d537.jpg;A brown dog and a black dog on a dirt path .
522486784_978021d537.jpg;One brown and one mostly black dog are either playing or fighting .
522486784_978021d537.jpg;Two dogs are playing together outside .
522486784_978021d537.jpg;Two dogs , face to face , on a dirt road .
532457586_bddfc5251d.jpg;A shirtless man with a brown and white dog looking at a woman in jeans and a bikini top who is relaxing on a bench .
532457586_bddfc5251d.jpg;A shirtless man with a dog next to him talking to a shirtless girl slouching on a bench .
532457586_bddfc5251d.jpg;A woman in a bikini top is on the bench and a man with no shirt is talking to her .
532457586_bddfc5251d.jpg;A woman is sitting on a bench while talking to a shirtless man .
532457586_bddfc5251d.jpg;A woman with a hat is sitting on a skateboard which is on top of a bench and speaking with a shirtless man .
533483374_86c5d4c13e.jpg;A brown and white dog is standing on a beach with a tennis ball beside it .
533483374_86c5d4c13e.jpg;A dog is on the beach near a ball .
533483374_86c5d4c13e.jpg;a dog on the beach .
533483374_86c5d4c13e.jpg;The brown dog is standing next to a ball on the beach .
533483374_86c5d4c13e.jpg;The dog stands in the sand near the ocean .
533713001_2d36e93509.jpg;A group of older people are sitting outside under their marine-life-themed umbrella .
533713001_2d36e93509.jpg;A group of people are sitting around a table under a blue sunshade .
533713001_2d36e93509.jpg;A group of people sit on an outdoor patio with lots of potted plants .
533713001_2d36e93509.jpg;A group of people sitting in chairs in a circle having a conversation .
533713001_2d36e93509.jpg;Several people are sitting around a table on a patio .
535309053_ec737abde8.jpg;A campsite has been established amidst the trees and bushes .
535309053_ec737abde8.jpg;A campsite with tents and picnic tables .
535309053_ec737abde8.jpg;A group of people camp in tents near some trees .
535309053_ec737abde8.jpg;A woman at a campground .
535309053_ec737abde8.jpg;People are camping in a group .
539705321_99406e5820.jpg;A kid in red falls as he struggles with a kid in white to get to a soccer ball .
539705321_99406e5820.jpg;Children chasing the ball in a soccer game .
539705321_99406e5820.jpg;Little boys running and chasing a soccer ball .
539705321_99406e5820.jpg;The boy with the red soccer suit is falling down while the boy in the white shirt has his eyes on the ball .
539705321_99406e5820.jpg;Two teams of children , one in red and the other in white , are playing soccer .
551403320_dfdcf9fc3b.jpg;A climber traverses a rope ladder between cliffs .
551403320_dfdcf9fc3b.jpg;a long woman wearing a white helment crossing a chain linked bridge
551403320_dfdcf9fc3b.jpg;A man is crossing a mountain pass on a metal bridge .
551403320_dfdcf9fc3b.jpg;A woman is walking across a step ladder bridge between two mountains .
551403320_dfdcf9fc3b.jpg;A woman traverses a wire bridge across a rocky canyon .
557721978_dfde31bc02.jpg;A girl jumping in a puddle .
557721978_dfde31bc02.jpg;A small girl jumps in a puddle .
557721978_dfde31bc02.jpg;Girl playing in a puddle with her bare feet .
557721978_dfde31bc02.jpg;Little girl jumping in water puddle
557721978_dfde31bc02.jpg;Young girl in red skirt jumping in water on a flooded street .
581419370_30485f3580.jpg;The hikers take a tandem leap while crossing the bridge .
581419370_30485f3580.jpg;two guys jumping up while crossing a bridge
581419370_30485f3580.jpg;Two men are jumping in the air whilst crossing a wooden bridge .
581419370_30485f3580.jpg;Two people are jumping on a bridge in the mountains .
581419370_30485f3580.jpg;Two young men jump on a bridge .
652542470_60e858da64.jpg;A girl prepares herself for the swim meet .
652542470_60e858da64.jpg;A young girl wearing a bathing suit and goggles sits and waits .
652542470_60e858da64.jpg;A young swimmer sits in a bathing suit and waits for the next race .
652542470_60e858da64.jpg;Kid sits wearing swim gear .
652542470_60e858da64.jpg;Young girl in a competitive swimming outfit .
661757041_61e131e913.jpg;A little dog is attempting to catch a red ball .
661757041_61e131e913.jpg;A small black and brown long haired dog prepares to catch a red ball in the grass .
661757041_61e131e913.jpg;A small dog is about to catch a red ball while in the grass .
661757041_61e131e913.jpg;A small dog tries to catch a red ball .
661757041_61e131e913.jpg;Dog catching red ball in a field .
700884207_d3ec546494.jpg;A baby is dressed up in pink gear and staring while an adult holds her steady .
700884207_d3ec546494.jpg;A small baby wearing sunglasses sits on an adult 's lap .
700884207_d3ec546494.jpg;A woman holds a fat baby with sunglasses and a denim hat .
700884207_d3ec546494.jpg;A woman is holding onto a baby wearing who is wearing sunglasses .
700884207_d3ec546494.jpg;The baby in a blue jean hat and sunglasses looks at the camera while being held .
733752482_ee01a419e5.jpg;a brown and white dog is running on the grass .
733752482_ee01a419e5.jpg;A brown and white dog is walking through a grassy field .
733752482_ee01a419e5.jpg;A brown and white dog running with his tongue hanging out .
733752482_ee01a419e5.jpg;A closeup of a brown dog with his tongue out .
733752482_ee01a419e5.jpg;A puppy plays in a field .
742073622_1206be8f7f.jpg;A boy stands in the road wearing a big red hat .
742073622_1206be8f7f.jpg;A boy wearing a red hat is standing in the middle of the road .
742073622_1206be8f7f.jpg;A little child stands in the middle of the street wearing a large red hat while people sit on the grass .
742073622_1206be8f7f.jpg;A small boy wearing a red hat is standing in a street .
742073622_1206be8f7f.jpg;A small child with a funny red hat stands in the road .
750196276_c3258c6f1b.jpg;A boy runs near some steps .
750196276_c3258c6f1b.jpg;A little boy is running on some concrete steps .
750196276_c3258c6f1b.jpg;A young boy in a green shirt and green sweat pants running on a concrete floor .
750196276_c3258c6f1b.jpg;A young boy runs down a cement stairway .
750196276_c3258c6f1b.jpg;The small boy is running and smiling .
795081510_53fd17d101.jpg;A couple hold each other , standing on a ferry , looking out at a ferry .
795081510_53fd17d101.jpg;A couple standing on the deck of a boat watching the water .
795081510_53fd17d101.jpg;A man embraces a woman as they look over the railing out over the water at a ship .
795081510_53fd17d101.jpg;Couple overlooking a metal rail with water and a boat int he background .
795081510_53fd17d101.jpg;The couple is together looking at the large ship in the ocean .
799486353_f665d7b0f0.jpg;A child is waiting on the beach holding a boogie board .
799486353_f665d7b0f0.jpg;A girl looks out into the ocean as she stands on the sand with her yellow boogie board .
799486353_f665d7b0f0.jpg;A young girl holding a boogie board at the beach
799486353_f665d7b0f0.jpg;A young girl standing on the beach with her body board looks out on the ocean .
799486353_f665d7b0f0.jpg;A young woman holding a surfboard contemplates the ocean .
811662356_f9a632b63c.jpg;A child stands near a fence .
811662356_f9a632b63c.jpg;A small child touches a wooden fence .
811662356_f9a632b63c.jpg;A toddler boy stands by a wooden fence .
811662356_f9a632b63c.jpg;A toddler in a white t-shirt is touching the wooden fence .
811662356_f9a632b63c.jpg;Blond boy touching wooden wall .
823675317_b5fbdb17b3.jpg;a boy in blue carries a bucket .
823675317_b5fbdb17b3.jpg;A boy in blue swim trunks carries a blue bucket down a crowded beach .
823675317_b5fbdb17b3.jpg;A child walks on the beach with a bucket .
823675317_b5fbdb17b3.jpg;The boy in the blue shorts is carrying a bucket on the beach .
823675317_b5fbdb17b3.jpg;Young boy in blue shorts at the beach .
836828001_af98d16256.jpg;A child in the bathtub with water coming out of his mouth .
836828001_af98d16256.jpg;A child spitting out water .
836828001_af98d16256.jpg;A small boy in the bathtub spits water .
836828001_af98d16256.jpg;A young child in a bathtub spitting water
836828001_af98d16256.jpg;Young boy in a bathtub spits out water .
848293676_98e73c52c1.jpg;A boy in a red suit jumps into a pool .
848293676_98e73c52c1.jpg;A boy in red shorts is jumping into a swimming pool with a red chair beside it .
848293676_98e73c52c1.jpg;A small boy in red shorts leaping into a swimming pool .
848293676_98e73c52c1.jpg;A small boy jumps into a swimming pool .
848293676_98e73c52c1.jpg;A young boy in red swim trunks is jumping into a pool .
862054277_34b5a6f401.jpg;A little girl in a swimsuit and braids is in front of the water , in the grass , with her arms crossed in front of her chest
862054277_34b5a6f401.jpg;A young girl in a bathing suit and pigtails crosses her arms .
862054277_34b5a6f401.jpg;A young girl in a pink swimsuit .
862054277_34b5a6f401.jpg;A young girl sitting in the grass near a lake .
862054277_34b5a6f401.jpg;Ypoung girl with arms crossed over her heart wearing a bikini setting in tall grass in front of a body of water .
864290968_eccb46d5ab.jpg;A bearded man sits at a bus window .
864290968_eccb46d5ab.jpg;A man with a grey beard is sitting by a window .
864290968_eccb46d5ab.jpg;An elder man with a long grey beard riding on the bus .
864290968_eccb46d5ab.jpg;bearded man rides a bus
864290968_eccb46d5ab.jpg;The man with the beard is sitting in a bus staring forward .
883040210_3c4a10f030.jpg;A climber is sillhouetted against the sky and rocks as he hangs by a rope from another rock .
883040210_3c4a10f030.jpg;A person hangs from a safety rope as he climbs down a large cliff .
883040210_3c4a10f030.jpg;A person is abseiling down a rock face attached to a rope .
883040210_3c4a10f030.jpg;A person jumping down a rope on a cliff .
883040210_3c4a10f030.jpg;The man repels down the side of a cliff .
887108308_2da97f15ef.jpg;A child walks while holding an adult 's hand .
887108308_2da97f15ef.jpg;A man holds a child 's hand as they walk .
887108308_2da97f15ef.jpg;A woman walks hand-in-hand with a little boy who looks like he 's pulling out a wedgie
887108308_2da97f15ef.jpg;A young boy has his hand in the back of his pants as he walks .
887108308_2da97f15ef.jpg;The man is walking with a young child outside .
94232465_a135df2711.jpg;A lady ice skates while pulling a child in a buggy .
94232465_a135df2711.jpg;A mother pulls her daughter in a wagon over a snowy plain .
94232465_a135df2711.jpg;A woman pulling a wagon with a girl in it across a frozen lake
94232465_a135df2711.jpg;The girl pulls a toddler in a cart while skating on the ice .
94232465_a135df2711.jpg;The woman is ice skating and pulling the little girl in the cart across the ice .
95728660_d47de66544.jpg;A guy is riding a bike up the side of a hill .
95728660_d47de66544.jpg;A young man bicycles towards the camera and away from beautiful mountains on a clear day .
95728660_d47de66544.jpg;Man on bike in mountains
95728660_d47de66544.jpg;Man riding a bicycle down a narrow path .
95728660_d47de66544.jpg;man riding bike on trail
977856234_0d9caee7b2.jpg;A brown dog in a pink shirt runs through a field .
977856234_0d9caee7b2.jpg;A hairy dog with a pink shirt running through a field
977856234_0d9caee7b2.jpg;A long-haired dog wearing a pink vest and running
977856234_0d9caee7b2.jpg;Brown dog in a pink sweater runs on yellow grass .
977856234_0d9caee7b2.jpg;Dog with pink jacket running in field
978580450_e862715aba.jpg;A blonde child swims .
978580450_e862715aba.jpg;A boy is swimming in open water .
978580450_e862715aba.jpg;a child submerges from the water .
978580450_e862715aba.jpg;A kid comes up from the water .
978580450_e862715aba.jpg;The small child comes up from underwater .
997338199_7343367d7f.jpg;A person stands near golden walls .
997338199_7343367d7f.jpg;a woman behind a scrolled wall is writing
997338199_7343367d7f.jpg;A woman standing near a decorated wall writes .
997338199_7343367d7f.jpg;The walls are covered in gold and patterns .
997338199_7343367d7f.jpg;Woman writing on a pad in room with gold , decorated walls .
